Time,Well 101,Well 102,Well 103,Well 104,Well 105,Well 106,Well 107,Well 108,Well 109,Well 110,Well 111,Well 120,Well 121,Well 130,Well 131,Well 140,Well 141,Well 150,Well 151,Well 160,Well 161,Well 170,Well 171,Well 180,Well 181,Well 190,Well 191,Well 192,Well 193,Well 194,Well 195,Well 196,Well 197,Well 198,Well 199,Well 200,Well 201,Well 202,Well 203,Well 204,Well 205,Well 206,Well 207,Well 208,Well 209,Well 210,Well 211,Well 220,Well 221,Well 230,Well 231,Well 240,Well 241,Well 250,Well 251,Well 260,Well 261,Well 270,Well 271,Well 280,Well 281,Well 286,Well 287,Well 288,Well 289,Well 290
0:00:05,0.072,0.08,0.081,0.081,0.082,0.079,0.08,0.078,0.085,0.078,0.083,0.078,0.081,0.09,0.083,0.086,0.081,0.091,0.085,0.089,0.082,0.09,0.084,0.087,0.083,0.09,0.075,0.079,0.081,0.08,0.08,0.082,0.083,0.085,0.085,0.08,0.075,0.083,0.084,0.085,0.086,0.084,0.084,0.085,0.087,0.094,0.091,0.089,0.086,0.092,0.089,0.087,0.09,0.096,0.092,0.099,0.091,0.093,0.088,0.09,0.089,0.093,0.093,0.093,0.091,0.091
0:14:33,0.069,0.064,0.067,0.068,0.061,0.062,0.064,0.066,0.066,0.066,0.051,0.064,0.049,0.051,0.053,0.052,0.053,0.06,0.067,0.06,0.066,0.063,0.064,0.063,0.063,0.064,0.06,0.059,0.061,0.063,0.064,0.065,0.065,0.066,0.064,0.064,0.062,0.061,0.059,0.054,0.055,0.055,0.056,0.056,0.057,0.059,0.059,0.057,0.06,0.063,0.056,0.06,0.055,0.059,0.053,0.06,0.053,0.055,0.053,0.054,0.055,0.055,0.055,0.054,0.054,0.054
0:44:32,0.066,0.065,0.066,0.065,0.066,0.065,0.064,0.065,0.065,0.066,0.066,0.065,0.067,0.066,0.065,0.065,0.065,0.066,0.066,0.067,0.067,0.068,0.067,0.067,0.067,0.066,0.067,0.067,0.068,0.068,0.068,0.068,0.068,0.069,0.067,0.067,0.069,0.067,0.068,0.068,0.068,0.068,0.068,0.069,0.069,0.07,0.068,0.069,0.068,0.07,0.068,0.069,0.067,0.069,0.07,0.07,0.07,0.07,0.069,0.071,0.071,0.07,0.07,0.07,0.069,0.069
1:14:27,0.066,0.065,0.066,0.066,0.066,0.065,0.065,0.065,0.066,0.066,0.065,0.064,0.066,0.065,0.064,0.064,0.065,0.066,0.064,0.067,0.064,0.065,0.063,0.065,0.063,0.063,0.063,0.063,0.063,0.064,0.064,0.064,0.064,0.065,0.063,0.063,0.066,0.064,0.063,0.063,0.064,0.063,0.064,0.065,0.065,0.066,0.063,0.064,0.064,0.066,0.064,0.064,0.063,0.064,0.063,0.064,0.064,0.065,0.064,0.065,0.065,0.065,0.065,0.065,0.065,0.064
1:44:26,0.066,0.066,0.066,0.065,0.066,0.064,0.064,0.064,0.065,0.066,0.064,0.064,0.065,0.065,0.063,0.064,0.063,0.064,0.063,0.064,0.064,0.064,0.063,0.064,0.063,0.062,0.063,0.063,0.064,0.064,0.064,0.064,0.064,0.065,0.063,0.063,0.066,0.064,0.064,0.064,0.064,0.063,0.064,0.065,0.065,0.065,0.064,0.064,0.064,0.065,0.063,0.064,0.064,0.064,0.064,0.065,0.064,0.064,0.064,0.065,0.066,0.065,0.065,0.065,0.065,0.065
2:14:25,0.066,0.065,0.065,0.065,0.066,0.065,0.063,0.065,0.066,0.067,0.065,0.065,0.065,0.064,0.064,0.064,0.064,0.064,0.065,0.065,0.065,0.064,0.063,0.064,0.063,0.062,0.063,0.063,0.064,0.064,0.064,0.064,0.065,0.065,0.063,0.064,0.067,0.064,0.063,0.064,0.063,0.064,0.064,0.065,0.065,0.066,0.063,0.064,0.064,0.064,0.062,0.063,0.063,0.063,0.063,0.064,0.064,0.064,0.063,0.064,0.065,0.065,0.065,0.066,0.066,0.066
2:44:25,0.066,0.065,0.066,0.066,0.066,0.065,0.064,0.064,0.065,0.065,0.064,0.064,0.065,0.065,0.064,0.064,0.064,0.065,0.064,0.066,0.064,0.065,0.064,0.064,0.064,0.064,0.065,0.064,0.065,0.066,0.065,0.065,0.065,0.066,0.064,0.064,0.067,0.065,0.065,0.065,0.065,0.065,0.065,0.066,0.066,0.066,0.065,0.065,0.065,0.067,0.066,0.066,0.065,0.066,0.065,0.067,0.066,0.067,0.066,0.067,0.067,0.067,0.066,0.067,0.066,0.066
3:14:25,0.066,0.066,0.066,0.066,0.066,0.065,0.064,0.065,0.066,0.066,0.065,0.065,0.066,0.066,0.065,0.065,0.065,0.066,0.066,0.067,0.066,0.067,0.065,0.066,0.066,0.065,0.066,0.066,0.066,0.067,0.066,0.067,0.067,0.067,0.065,0.066,0.068,0.066,0.066,0.066,0.066,0.066,0.066,0.068,0.067,0.067,0.066,0.067,0.067,0.068,0.066,0.067,0.066,0.067,0.067,0.068,0.067,0.068,0.067,0.068,0.068,0.068,0.068,0.068,0.068,0.067
3:44:25,0.067,0.066,0.066,0.066,0.067,0.065,0.065,0.065,0.066,0.066,0.065,0.065,0.065,0.065,0.064,0.065,0.064,0.065,0.065,0.066,0.065,0.065,0.064,0.065,0.065,0.064,0.065,0.064,0.065,0.065,0.065,0.066,0.066,0.066,0.064,0.065,0.068,0.065,0.065,0.065,0.066,0.065,0.065,0.067,0.067,0.067,0.065,0.065,0.066,0.067,0.065,0.066,0.066,0.066,0.065,0.067,0.066,0.067,0.065,0.067,0.067,0.066,0.066,0.066,0.066,0.066
4:14:24,0.066,0.066,0.067,0.066,0.067,0.065,0.065,0.065,0.066,0.066,0.065,0.065,0.066,0.066,0.066,0.065,0.065,0.066,0.066,0.067,0.066,0.067,0.066,0.066,0.066,0.065,0.066,0.065,0.067,0.067,0.066,0.067,0.067,0.067,0.066,0.066,0.069,0.067,0.066,0.066,0.067,0.066,0.066,0.068,0.068,0.069,0.066,0.068,0.067,0.068,0.066,0.067,0.067,0.067,0.066,0.068,0.067,0.068,0.067,0.068,0.069,0.068,0.068,0.068,0.068,0.067
4:44:24,0.067,0.066,0.066,0.066,0.067,0.065,0.064,0.065,0.066,0.067,0.065,0.065,0.065,0.065,0.065,0.065,0.065,0.065,0.065,0.066,0.065,0.065,0.065,0.064,0.065,0.064,0.064,0.064,0.065,0.065,0.065,0.066,0.066,0.066,0.065,0.065,0.067,0.065,0.065,0.065,0.065,0.065,0.065,0.067,0.066,0.066,0.065,0.066,0.065,0.066,0.065,0.065,0.066,0.066,0.064,0.067,0.066,0.066,0.065,0.066,0.066,0.065,0.065,0.065,0.065,0.065
5:14:24,0.067,0.067,0.067,0.067,0.068,0.066,0.065,0.066,0.067,0.068,0.066,0.066,0.066,0.066,0.066,0.066,0.066,0.067,0.066,0.067,0.067,0.067,0.066,0.066,0.066,0.065,0.066,0.066,0.067,0.067,0.067,0.067,0.067,0.068,0.066,0.066,0.069,0.067,0.066,0.067,0.067,0.067,0.066,0.068,0.068,0.068,0.067,0.067,0.068,0.068,0.066,0.066,0.067,0.067,0.066,0.068,0.067,0.068,0.066,0.068,0.068,0.067,0.067,0.068,0.067,0.067
5:44:24,0.067,0.066,0.067,0.067,0.068,0.065,0.065,0.065,0.066,0.067,0.066,0.065,0.066,0.066,0.065,0.065,0.065,0.066,0.065,0.067,0.066,0.066,0.065,0.065,0.065,0.065,0.065,0.065,0.066,0.066,0.066,0.066,0.066,0.067,0.065,0.065,0.068,0.066,0.066,0.066,0.066,0.066,0.066,0.067,0.067,0.067,0.065,0.066,0.066,0.067,0.065,0.066,0.065,0.066,0.065,0.067,0.066,0.066,0.065,0.066,0.066,0.066,0.066,0.066,0.066,0.066
6:14:24,0.068,0.067,0.068,0.068,0.07,0.066,0.066,0.065,0.066,0.067,0.065,0.065,0.065,0.066,0.066,0.065,0.066,0.067,0.066,0.067,0.066,0.066,0.065,0.066,0.066,0.065,0.067,0.066,0.067,0.067,0.067,0.067,0.067,0.068,0.066,0.066,0.069,0.067,0.067,0.067,0.068,0.067,0.067,0.068,0.067,0.068,0.067,0.067,0.067,0.068,0.066,0.067,0.067,0.067,0.066,0.067,0.067,0.067,0.066,0.067,0.067,0.067,0.067,0.067,0.067,0.067
6:44:24,0.067,0.068,0.069,0.068,0.07,0.066,0.066,0.066,0.067,0.067,0.066,0.065,0.066,0.067,0.065,0.066,0.065,0.066,0.066,0.066,0.065,0.066,0.065,0.066,0.065,0.064,0.065,0.065,0.066,0.066,0.066,0.066,0.066,0.066,0.065,0.064,0.068,0.066,0.065,0.065,0.066,0.065,0.066,0.067,0.066,0.067,0.065,0.065,0.066,0.067,0.064,0.065,0.065,0.065,0.066,0.066,0.066,0.067,0.065,0.067,0.066,0.066,0.066,0.066,0.066,0.066
7:14:24,0.067,0.067,0.069,0.068,0.071,0.066,0.066,0.065,0.066,0.067,0.066,0.065,0.066,0.067,0.066,0.065,0.066,0.067,0.067,0.068,0.067,0.068,0.067,0.067,0.067,0.066,0.066,0.066,0.067,0.068,0.067,0.068,0.068,0.068,0.067,0.066,0.069,0.068,0.067,0.067,0.068,0.067,0.067,0.069,0.068,0.068,0.067,0.067,0.067,0.068,0.067,0.067,0.067,0.068,0.067,0.068,0.068,0.068,0.067,0.068,0.068,0.067,0.067,0.067,0.068,0.067
7:44:24,0.068,0.068,0.069,0.069,0.073,0.066,0.066,0.066,0.067,0.067,0.066,0.066,0.067,0.067,0.066,0.066,0.066,0.067,0.066,0.067,0.067,0.067,0.066,0.066,0.067,0.066,0.066,0.066,0.067,0.068,0.068,0.068,0.067,0.067,0.066,0.066,0.069,0.067,0.067,0.067,0.068,0.067,0.067,0.068,0.068,0.068,0.067,0.067,0.068,0.068,0.066,0.067,0.067,0.067,0.067,0.068,0.067,0.067,0.066,0.067,0.067,0.067,0.066,0.067,0.067,0.066
8:14:24,0.07,0.069,0.071,0.07,0.075,0.067,0.066,0.066,0.067,0.067,0.066,0.065,0.066,0.066,0.066,0.065,0.066,0.067,0.066,0.067,0.067,0.066,0.066,0.066,0.066,0.065,0.066,0.067,0.067,0.067,0.067,0.068,0.067,0.068,0.066,0.066,0.07,0.068,0.067,0.067,0.068,0.067,0.067,0.068,0.068,0.069,0.067,0.066,0.068,0.068,0.067,0.067,0.067,0.068,0.067,0.068,0.068,0.069,0.067,0.069,0.068,0.068,0.068,0.069,0.068,0.068
8:44:24,0.07,0.069,0.072,0.072,0.078,0.067,0.066,0.066,0.067,0.067,0.066,0.065,0.066,0.066,0.066,0.065,0.066,0.067,0.066,0.067,0.066,0.066,0.066,0.066,0.066,0.066,0.067,0.067,0.068,0.068,0.068,0.068,0.068,0.068,0.066,0.066,0.07,0.068,0.067,0.067,0.067,0.066,0.067,0.068,0.068,0.069,0.067,0.066,0.068,0.068,0.067,0.067,0.067,0.067,0.067,0.068,0.068,0.068,0.067,0.068,0.068,0.068,0.068,0.068,0.068,0.068
9:14:25,0.07,0.07,0.073,0.073,0.08,0.067,0.066,0.066,0.067,0.068,0.066,0.065,0.066,0.066,0.065,0.065,0.066,0.066,0.066,0.067,0.066,0.066,0.065,0.065,0.065,0.064,0.065,0.066,0.066,0.067,0.067,0.068,0.066,0.067,0.065,0.065,0.068,0.066,0.066,0.066,0.066,0.065,0.065,0.067,0.067,0.067,0.066,0.065,0.067,0.067,0.066,0.066,0.066,0.066,0.066,0.066,0.067,0.067,0.066,0.067,0.067,0.067,0.067,0.067,0.067,0.067
9:44:24,0.069,0.071,0.075,0.074,0.084,0.067,0.066,0.066,0.067,0.068,0.066,0.065,0.066,0.067,0.066,0.066,0.066,0.067,0.066,0.067,0.066,0.066,0.066,0.066,0.066,0.066,0.067,0.067,0.068,0.068,0.069,0.069,0.068,0.068,0.066,0.066,0.07,0.068,0.067,0.067,0.068,0.067,0.067,0.069,0.068,0.068,0.067,0.067,0.068,0.068,0.067,0.067,0.067,0.067,0.067,0.068,0.068,0.068,0.067,0.068,0.068,0.068,0.068,0.068,0.067,0.068
10:14:24,0.07,0.072,0.077,0.076,0.089,0.067,0.066,0.066,0.067,0.068,0.066,0.065,0.066,0.066,0.066,0.065,0.066,0.067,0.066,0.067,0.067,0.066,0.066,0.066,0.066,0.065,0.066,0.067,0.068,0.068,0.068,0.069,0.067,0.067,0.065,0.065,0.07,0.067,0.067,0.067,0.067,0.066,0.067,0.068,0.068,0.067,0.067,0.066,0.068,0.068,0.067,0.066,0.067,0.067,0.067,0.067,0.068,0.068,0.067,0.068,0.068,0.068,0.067,0.068,0.067,0.067
10:44:24,0.071,0.073,0.079,0.078,0.092,0.068,0.066,0.066,0.067,0.069,0.066,0.065,0.066,0.067,0.066,0.066,0.066,0.067,0.067,0.068,0.066,0.067,0.066,0.066,0.066,0.066,0.067,0.067,0.069,0.069,0.069,0.07,0.068,0.068,0.066,0.066,0.07,0.068,0.067,0.067,0.068,0.067,0.067,0.069,0.069,0.068,0.067,0.067,0.068,0.068,0.067,0.067,0.067,0.067,0.068,0.068,0.068,0.068,0.068,0.069,0.069,0.068,0.068,0.068,0.068,0.068
11:14:24,0.071,0.075,0.079,0.081,0.095,0.069,0.067,0.067,0.068,0.07,0.066,0.065,0.067,0.067,0.067,0.066,0.066,0.067,0.067,0.068,0.067,0.067,0.066,0.066,0.066,0.065,0.066,0.067,0.068,0.068,0.069,0.07,0.068,0.067,0.065,0.065,0.069,0.067,0.067,0.067,0.067,0.066,0.067,0.068,0.068,0.068,0.066,0.067,0.067,0.067,0.066,0.066,0.067,0.067,0.066,0.067,0.067,0.067,0.066,0.068,0.068,0.067,0.067,0.067,0.067,0.067
11:44:24,0.072,0.076,0.08,0.082,0.097,0.07,0.066,0.067,0.068,0.07,0.066,0.065,0.066,0.066,0.066,0.065,0.066,0.067,0.067,0.068,0.067,0.067,0.066,0.067,0.066,0.065,0.067,0.068,0.069,0.068,0.07,0.071,0.068,0.068,0.066,0.066,0.07,0.068,0.068,0.068,0.068,0.067,0.067,0.068,0.069,0.067,0.067,0.066,0.068,0.068,0.067,0.067,0.068,0.067,0.067,0.068,0.068,0.068,0.067,0.069,0.069,0.069,0.068,0.069,0.069,0.069
12:14:24,0.073,0.076,0.081,0.083,0.098,0.071,0.067,0.068,0.069,0.071,0.067,0.066,0.067,0.067,0.067,0.066,0.067,0.067,0.068,0.069,0.067,0.067,0.067,0.067,0.067,0.066,0.068,0.068,0.07,0.069,0.071,0.072,0.069,0.069,0.067,0.066,0.07,0.068,0.068,0.067,0.068,0.067,0.067,0.069,0.069,0.068,0.067,0.068,0.068,0.068,0.067,0.067,0.067,0.067,0.067,0.068,0.068,0.068,0.067,0.068,0.068,0.068,0.068,0.068,0.068,0.068
12:44:24,0.074,0.077,0.082,0.083,0.1,0.071,0.067,0.068,0.069,0.072,0.067,0.065,0.067,0.067,0.067,0.066,0.066,0.067,0.067,0.068,0.066,0.066,0.065,0.066,0.066,0.066,0.068,0.068,0.069,0.069,0.071,0.072,0.069,0.069,0.067,0.067,0.07,0.069,0.068,0.068,0.068,0.067,0.067,0.069,0.069,0.068,0.068,0.066,0.069,0.069,0.068,0.067,0.068,0.069,0.069,0.07,0.069,0.068,0.068,0.069,0.069,0.069,0.069,0.069,0.069,0.069
13:14:24,0.074,0.077,0.082,0.084,0.101,0.072,0.068,0.068,0.069,0.072,0.066,0.065,0.067,0.067,0.067,0.067,0.066,0.067,0.067,0.069,0.067,0.067,0.066,0.067,0.067,0.066,0.068,0.069,0.07,0.07,0.072,0.073,0.07,0.07,0.067,0.067,0.069,0.068,0.068,0.068,0.069,0.068,0.068,0.069,0.069,0.069,0.068,0.068,0.069,0.068,0.067,0.068,0.067,0.067,0.068,0.069,0.068,0.068,0.068,0.068,0.069,0.069,0.068,0.069,0.069,0.069
13:44:24,0.074,0.078,0.083,0.086,0.103,0.073,0.069,0.069,0.07,0.073,0.067,0.066,0.067,0.068,0.068,0.067,0.067,0.068,0.068,0.07,0.068,0.067,0.067,0.068,0.067,0.066,0.068,0.07,0.071,0.071,0.073,0.074,0.07,0.07,0.067,0.067,0.071,0.069,0.069,0.069,0.069,0.068,0.068,0.07,0.07,0.07,0.068,0.068,0.069,0.068,0.068,0.067,0.068,0.067,0.067,0.069,0.069,0.068,0.069,0.068,0.07,0.069,0.069,0.069,0.069,0.069
14:14:24,0.075,0.078,0.084,0.086,0.104,0.073,0.07,0.07,0.071,0.073,0.068,0.066,0.068,0.068,0.069,0.068,0.068,0.069,0.069,0.07,0.068,0.068,0.067,0.069,0.067,0.067,0.07,0.071,0.072,0.072,0.074,0.075,0.071,0.071,0.069,0.069,0.072,0.07,0.07,0.07,0.07,0.069,0.069,0.071,0.07,0.069,0.069,0.068,0.07,0.069,0.068,0.068,0.068,0.067,0.067,0.068,0.068,0.068,0.068,0.068,0.069,0.068,0.068,0.068,0.068,0.068
14:44:24,0.075,0.078,0.084,0.086,0.105,0.074,0.07,0.07,0.071,0.073,0.066,0.066,0.066,0.067,0.069,0.067,0.067,0.068,0.069,0.069,0.067,0.067,0.066,0.067,0.066,0.066,0.069,0.071,0.072,0.071,0.073,0.074,0.071,0.07,0.068,0.067,0.071,0.07,0.069,0.069,0.069,0.068,0.067,0.07,0.069,0.068,0.069,0.067,0.07,0.07,0.069,0.068,0.069,0.068,0.068,0.068,0.069,0.068,0.068,0.068,0.069,0.068,0.068,0.069,0.068,0.069
15:14:24,0.075,0.078,0.085,0.087,0.107,0.074,0.071,0.071,0.072,0.074,0.068,0.066,0.067,0.067,0.069,0.067,0.067,0.068,0.069,0.069,0.067,0.066,0.066,0.067,0.066,0.067,0.07,0.072,0.073,0.072,0.074,0.075,0.072,0.071,0.068,0.068,0.07,0.07,0.07,0.069,0.07,0.068,0.067,0.07,0.069,0.069,0.069,0.068,0.069,0.069,0.068,0.068,0.068,0.067,0.068,0.068,0.068,0.068,0.068,0.069,0.069,0.068,0.068,0.069,0.068,0.068
15:44:24,0.076,0.079,0.086,0.088,0.108,0.075,0.072,0.072,0.074,0.076,0.068,0.067,0.068,0.069,0.07,0.069,0.068,0.068,0.068,0.07,0.066,0.066,0.065,0.067,0.065,0.064,0.069,0.069,0.07,0.07,0.071,0.072,0.07,0.07,0.067,0.066,0.068,0.069,0.068,0.068,0.068,0.067,0.066,0.069,0.069,0.069,0.067,0.066,0.069,0.07,0.069,0.066,0.068,0.068,0.067,0.067,0.068,0.068,0.068,0.069,0.068,0.069,0.068,0.069,0.068,0.069
16:14:24,0.076,0.079,0.086,0.089,0.108,0.075,0.071,0.071,0.073,0.075,0.068,0.067,0.068,0.07,0.071,0.07,0.07,0.072,0.071,0.073,0.069,0.069,0.067,0.07,0.067,0.067,0.072,0.072,0.073,0.073,0.073,0.075,0.073,0.073,0.07,0.069,0.071,0.072,0.071,0.071,0.072,0.07,0.069,0.071,0.072,0.072,0.07,0.068,0.071,0.071,0.07,0.067,0.068,0.068,0.068,0.068,0.068,0.069,0.07,0.07,0.068,0.069,0.069,0.07,0.069,0.07
16:44:24,0.077,0.079,0.086,0.089,0.108,0.075,0.072,0.072,0.073,0.075,0.07,0.068,0.069,0.07,0.071,0.07,0.07,0.071,0.071,0.072,0.068,0.067,0.067,0.069,0.067,0.066,0.072,0.073,0.074,0.073,0.074,0.075,0.073,0.072,0.07,0.069,0.071,0.072,0.072,0.071,0.072,0.07,0.069,0.072,0.072,0.071,0.071,0.069,0.072,0.072,0.072,0.069,0.07,0.07,0.069,0.07,0.069,0.07,0.071,0.071,0.069,0.07,0.069,0.071,0.07,0.07
17:14:24,0.077,0.08,0.086,0.09,0.109,0.077,0.074,0.074,0.076,0.078,0.071,0.069,0.07,0.072,0.073,0.072,0.072,0.073,0.072,0.075,0.07,0.07,0.069,0.072,0.069,0.067,0.072,0.073,0.074,0.073,0.074,0.075,0.073,0.073,0.071,0.07,0.072,0.072,0.072,0.072,0.073,0.071,0.069,0.071,0.073,0.071,0.07,0.069,0.071,0.072,0.071,0.068,0.07,0.07,0.069,0.07,0.069,0.07,0.072,0.071,0.069,0.071,0.071,0.072,0.071,0.072
17:44:24,0.086,0.08,0.087,0.091,0.11,0.077,0.075,0.074,0.076,0.077,0.072,0.071,0.071,0.072,0.073,0.071,0.072,0.073,0.073,0.074,0.07,0.07,0.071,0.073,0.07,0.07,0.074,0.075,0.076,0.076,0.076,0.077,0.076,0.076,0.073,0.073,0.074,0.075,0.074,0.073,0.074,0.073,0.071,0.073,0.074,0.072,0.072,0.071,0.073,0.073,0.073,0.07,0.072,0.071,0.071,0.071,0.071,0.072,0.074,0.073,0.071,0.072,0.072,0.073,0.072,0.072
18:14:24,0.085,0.08,0.087,0.089,0.109,0.077,0.074,0.074,0.076,0.078,0.071,0.07,0.071,0.072,0.073,0.071,0.071,0.072,0.072,0.074,0.07,0.07,0.07,0.072,0.069,0.068,0.072,0.073,0.074,0.074,0.074,0.075,0.074,0.074,0.072,0.072,0.073,0.073,0.074,0.073,0.074,0.072,0.07,0.073,0.074,0.073,0.071,0.069,0.073,0.073,0.072,0.069,0.071,0.071,0.07,0.07,0.07,0.071,0.072,0.071,0.069,0.071,0.071,0.072,0.071,0.072
18:44:24,0.087,0.08,0.087,0.09,0.108,0.077,0.074,0.074,0.075,0.077,0.072,0.071,0.072,0.073,0.073,0.072,0.072,0.073,0.073,0.074,0.071,0.071,0.071,0.073,0.07,0.069,0.073,0.074,0.075,0.075,0.075,0.076,0.076,0.075,0.073,0.073,0.074,0.074,0.074,0.074,0.075,0.073,0.071,0.074,0.075,0.073,0.072,0.071,0.074,0.074,0.073,0.071,0.072,0.072,0.072,0.071,0.071,0.072,0.073,0.072,0.071,0.072,0.072,0.073,0.072,0.072
19:14:24,0.087,0.08,0.087,0.09,0.109,0.078,0.075,0.075,0.076,0.078,0.073,0.072,0.073,0.074,0.074,0.073,0.073,0.074,0.073,0.075,0.072,0.072,0.072,0.074,0.071,0.071,0.074,0.075,0.076,0.076,0.076,0.077,0.077,0.077,0.074,0.074,0.076,0.075,0.075,0.075,0.076,0.075,0.073,0.075,0.077,0.075,0.073,0.073,0.075,0.075,0.074,0.073,0.073,0.073,0.073,0.073,0.073,0.073,0.074,0.074,0.072,0.074,0.073,0.075,0.073,0.074
19:44:24,0.087,0.08,0.086,0.09,0.108,0.077,0.075,0.074,0.076,0.078,0.073,0.072,0.072,0.074,0.074,0.073,0.073,0.074,0.073,0.075,0.072,0.072,0.072,0.074,0.071,0.071,0.073,0.074,0.075,0.076,0.075,0.076,0.076,0.076,0.073,0.073,0.075,0.075,0.075,0.075,0.076,0.074,0.073,0.075,0.076,0.075,0.073,0.073,0.074,0.074,0.074,0.072,0.073,0.073,0.073,0.073,0.073,0.074,0.073,0.074,0.073,0.073,0.073,0.074,0.073,0.074
20:14:24,0.087,0.08,0.086,0.09,0.108,0.077,0.075,0.074,0.076,0.078,0.073,0.073,0.073,0.075,0.075,0.074,0.073,0.074,0.073,0.075,0.072,0.073,0.073,0.074,0.072,0.071,0.074,0.074,0.076,0.076,0.075,0.076,0.076,0.076,0.073,0.074,0.075,0.075,0.076,0.076,0.077,0.075,0.073,0.076,0.077,0.076,0.073,0.073,0.074,0.075,0.073,0.072,0.073,0.073,0.072,0.073,0.072,0.073,0.073,0.074,0.073,0.073,0.073,0.074,0.074,0.074
20:44:24,0.086,0.08,0.086,0.09,0.109,0.078,0.076,0.076,0.079,0.08,0.073,0.073,0.073,0.074,0.073,0.073,0.072,0.073,0.071,0.074,0.071,0.071,0.071,0.072,0.071,0.071,0.073,0.073,0.074,0.074,0.074,0.075,0.075,0.075,0.073,0.074,0.075,0.075,0.076,0.076,0.078,0.075,0.074,0.076,0.078,0.078,0.073,0.073,0.075,0.076,0.073,0.072,0.072,0.073,0.072,0.073,0.074,0.074,0.073,0.075,0.073,0.074,0.074,0.075,0.074,0.075
21:14:24,0.09,0.08,0.086,0.089,0.107,0.078,0.076,0.075,0.077,0.079,0.075,0.074,0.075,0.076,0.076,0.074,0.074,0.075,0.074,0.076,0.073,0.074,0.074,0.075,0.074,0.072,0.075,0.075,0.076,0.077,0.076,0.076,0.076,0.077,0.074,0.074,0.075,0.075,0.076,0.076,0.078,0.076,0.075,0.076,0.076,0.075,0.073,0.072,0.074,0.076,0.074,0.072,0.073,0.073,0.073,0.073,0.074,0.074,0.074,0.074,0.074,0.074,0.075,0.076,0.074,0.075
21:44:24,0.091,0.08,0.087,0.089,0.107,0.078,0.076,0.075,0.077,0.079,0.074,0.074,0.074,0.075,0.075,0.073,0.073,0.074,0.074,0.075,0.073,0.074,0.074,0.075,0.074,0.072,0.073,0.074,0.075,0.075,0.075,0.076,0.076,0.076,0.074,0.075,0.074,0.077,0.076,0.076,0.077,0.075,0.074,0.076,0.077,0.076,0.073,0.073,0.074,0.076,0.072,0.072,0.071,0.072,0.071,0.071,0.072,0.071,0.071,0.07,0.071,0.072,0.072,0.073,0.072,0.072
22:14:24,0.094,0.08,0.087,0.089,0.107,0.078,0.076,0.075,0.077,0.079,0.074,0.074,0.074,0.075,0.074,0.074,0.073,0.074,0.073,0.075,0.072,0.073,0.072,0.074,0.072,0.072,0.074,0.074,0.075,0.075,0.075,0.075,0.075,0.075,0.073,0.074,0.074,0.076,0.076,0.076,0.078,0.075,0.074,0.076,0.078,0.076,0.074,0.073,0.075,0.076,0.074,0.072,0.073,0.074,0.073,0.073,0.074,0.074,0.074,0.073,0.075,0.074,0.074,0.075,0.075,0.076
22:44:24,0.093,0.08,0.086,0.089,0.106,0.077,0.075,0.074,0.077,0.079,0.074,0.074,0.074,0.075,0.074,0.074,0.073,0.074,0.073,0.075,0.072,0.073,0.072,0.074,0.073,0.072,0.074,0.074,0.076,0.076,0.075,0.076,0.076,0.076,0.073,0.074,0.074,0.076,0.076,0.076,0.078,0.075,0.075,0.076,0.078,0.076,0.074,0.073,0.075,0.076,0.073,0.072,0.072,0.072,0.072,0.072,0.073,0.073,0.073,0.072,0.073,0.074,0.074,0.074,0.074,0.074
23:14:24,0.092,0.08,0.086,0.089,0.107,0.078,0.077,0.076,0.079,0.081,0.074,0.075,0.074,0.077,0.075,0.074,0.074,0.075,0.073,0.076,0.074,0.074,0.072,0.074,0.073,0.072,0.074,0.074,0.075,0.075,0.075,0.075,0.075,0.076,0.074,0.076,0.075,0.076,0.077,0.078,0.08,0.077,0.076,0.077,0.08,0.079,0.075,0.074,0.076,0.079,0.074,0.074,0.074,0.074,0.073,0.073,0.074,0.075,0.074,0.073,0.075,0.075,0.075,0.076,0.076,0.076
23:44:24,0.092,0.08,0.088,0.09,0.11,0.078,0.076,0.075,0.079,0.083,0.074,0.075,0.074,0.076,0.075,0.074,0.074,0.075,0.073,0.075,0.073,0.074,0.074,0.075,0.073,0.073,0.075,0.075,0.076,0.076,0.076,0.076,0.077,0.077,0.075,0.075,0.075,0.078,0.079,0.079,0.081,0.077,0.076,0.078,0.081,0.078,0.075,0.074,0.076,0.078,0.074,0.074,0.074,0.075,0.074,0.074,0.075,0.076,0.075,0.075,0.076,0.076,0.076,0.077,0.077,0.077
24:14:24,0.09,0.08,0.086,0.088,0.106,0.078,0.076,0.076,0.078,0.082,0.074,0.075,0.075,0.077,0.075,0.074,0.074,0.075,0.074,0.076,0.074,0.075,0.074,0.075,0.074,0.073,0.074,0.074,0.075,0.075,0.075,0.076,0.076,0.076,0.075,0.076,0.074,0.077,0.078,0.078,0.081,0.078,0.078,0.079,0.081,0.08,0.075,0.074,0.076,0.078,0.073,0.074,0.074,0.074,0.073,0.073,0.074,0.075,0.074,0.073,0.075,0.075,0.075,0.076,0.075,0.076
24:44:24,0.092,0.08,0.086,0.089,0.106,0.077,0.075,0.074,0.077,0.079,0.074,0.075,0.074,0.075,0.075,0.074,0.074,0.075,0.075,0.076,0.074,0.074,0.074,0.075,0.074,0.074,0.075,0.075,0.077,0.077,0.076,0.077,0.077,0.077,0.074,0.075,0.074,0.076,0.077,0.077,0.079,0.077,0.077,0.078,0.079,0.078,0.074,0.074,0.075,0.077,0.073,0.074,0.073,0.074,0.074,0.073,0.075,0.076,0.074,0.074,0.075,0.076,0.076,0.076,0.076,0.076
25:14:24,0.091,0.08,0.087,0.089,0.107,0.079,0.077,0.076,0.079,0.082,0.075,0.076,0.075,0.077,0.075,0.075,0.074,0.075,0.074,0.076,0.074,0.075,0.074,0.075,0.074,0.073,0.075,0.075,0.075,0.075,0.075,0.076,0.076,0.076,0.074,0.076,0.075,0.077,0.078,0.079,0.081,0.079,0.078,0.079,0.081,0.081,0.076,0.075,0.077,0.08,0.076,0.076,0.076,0.076,0.075,0.076,0.076,0.077,0.075,0.076,0.076,0.077,0.077,0.077,0.077,0.078
25:44:24,0.091,0.08,0.086,0.089,0.107,0.078,0.076,0.075,0.078,0.08,0.074,0.075,0.074,0.077,0.075,0.075,0.074,0.075,0.074,0.076,0.074,0.075,0.073,0.075,0.074,0.073,0.075,0.074,0.075,0.075,0.075,0.076,0.076,0.076,0.074,0.077,0.075,0.077,0.078,0.078,0.081,0.079,0.078,0.079,0.082,0.082,0.075,0.075,0.077,0.078,0.074,0.075,0.074,0.075,0.074,0.075,0.074,0.075,0.074,0.074,0.074,0.076,0.076,0.076,0.076,0.077
26:14:24,0.098,0.08,0.086,0.089,0.107,0.078,0.075,0.074,0.077,0.08,0.074,0.075,0.074,0.076,0.076,0.075,0.074,0.075,0.075,0.076,0.074,0.074,0.074,0.075,0.074,0.073,0.076,0.075,0.076,0.077,0.076,0.076,0.076,0.076,0.073,0.075,0.075,0.077,0.077,0.077,0.079,0.077,0.077,0.078,0.08,0.078,0.074,0.074,0.075,0.076,0.074,0.075,0.074,0.074,0.073,0.074,0.073,0.075,0.074,0.074,0.075,0.075,0.075,0.076,0.075,0.076
26:44:24,0.098,0.08,0.086,0.089,0.107,0.078,0.076,0.075,0.078,0.081,0.075,0.075,0.075,0.076,0.076,0.075,0.075,0.075,0.075,0.076,0.074,0.075,0.075,0.076,0.075,0.074,0.077,0.076,0.077,0.077,0.076,0.077,0.077,0.077,0.075,0.076,0.076,0.078,0.078,0.078,0.08,0.078,0.078,0.079,0.081,0.08,0.075,0.075,0.076,0.078,0.075,0.075,0.074,0.075,0.075,0.075,0.075,0.076,0.075,0.075,0.076,0.076,0.076,0.076,0.076,0.077
27:14:24,0.096,0.08,0.087,0.089,0.108,0.079,0.077,0.076,0.08,0.083,0.074,0.076,0.074,0.076,0.075,0.074,0.074,0.074,0.073,0.075,0.073,0.074,0.073,0.074,0.073,0.072,0.074,0.074,0.075,0.075,0.075,0.075,0.075,0.076,0.074,0.076,0.075,0.076,0.077,0.078,0.08,0.078,0.077,0.078,0.081,0.08,0.074,0.075,0.076,0.078,0.074,0.074,0.074,0.074,0.073,0.074,0.073,0.075,0.074,0.074,0.075,0.075,0.075,0.075,0.075,0.076
27:44:24,0.096,0.08,0.086,0.089,0.107,0.078,0.076,0.076,0.079,0.082,0.074,0.075,0.074,0.076,0.075,0.074,0.074,0.075,0.074,0.076,0.074,0.074,0.074,0.074,0.074,0.073,0.075,0.074,0.075,0.075,0.075,0.076,0.075,0.076,0.074,0.076,0.075,0.077,0.078,0.078,0.081,0.079,0.078,0.079,0.083,0.083,0.075,0.075,0.076,0.078,0.075,0.075,0.075,0.075,0.074,0.076,0.074,0.077,0.075,0.075,0.076,0.076,0.076,0.077,0.077,0.078
28:14:24,0.096,0.08,0.089,0.092,0.112,0.079,0.077,0.077,0.081,0.087,0.074,0.076,0.074,0.078,0.075,0.075,0.074,0.075,0.073,0.076,0.074,0.075,0.074,0.075,0.073,0.072,0.074,0.073,0.074,0.074,0.074,0.075,0.074,0.075,0.074,0.077,0.075,0.077,0.079,0.079,0.084,0.079,0.078,0.079,0.084,0.083,0.074,0.074,0.076,0.079,0.074,0.074,0.074,0.075,0.074,0.076,0.074,0.077,0.074,0.074,0.075,0.076,0.075,0.076,0.076,0.077
28:44:24,0.095,0.082,0.089,0.091,0.111,0.079,0.077,0.076,0.08,0.086,0.074,0.076,0.074,0.076,0.074,0.075,0.073,0.074,0.072,0.074,0.073,0.074,0.073,0.074,0.073,0.072,0.074,0.073,0.074,0.074,0.074,0.075,0.075,0.076,0.074,0.077,0.075,0.077,0.08,0.079,0.084,0.079,0.078,0.079,0.085,0.084,0.074,0.073,0.076,0.079,0.074,0.074,0.074,0.075,0.073,0.075,0.073,0.076,0.073,0.073,0.074,0.075,0.075,0.076,0.076,0.078
29:14:24,0.096,0.081,0.087,0.089,0.108,0.078,0.076,0.076,0.079,0.082,0.074,0.075,0.074,0.075,0.075,0.074,0.074,0.074,0.073,0.075,0.074,0.074,0.073,0.074,0.074,0.073,0.075,0.074,0.075,0.075,0.075,0.076,0.076,0.076,0.074,0.077,0.075,0.077,0.078,0.078,0.081,0.078,0.078,0.079,0.083,0.082,0.075,0.073,0.076,0.078,0.074,0.075,0.074,0.075,0.074,0.076,0.074,0.076,0.074,0.074,0.075,0.076,0.075,0.076,0.076,0.077
29:44:24,0.095,0.081,0.087,0.09,0.109,0.08,0.077,0.077,0.081,0.085,0.073,0.075,0.074,0.076,0.075,0.075,0.074,0.074,0.073,0.075,0.073,0.074,0.073,0.074,0.074,0.073,0.075,0.074,0.075,0.075,0.074,0.075,0.076,0.075,0.074,0.076,0.075,0.077,0.077,0.078,0.081,0.078,0.078,0.079,0.083,0.082,0.074,0.073,0.076,0.078,0.073,0.074,0.074,0.074,0.074,0.075,0.074,0.076,0.074,0.074,0.075,0.075,0.075,0.076,0.075,0.077
30:14:25,0.095,0.082,0.088,0.091,0.111,0.08,0.078,0.078,0.082,0.086,0.073,0.076,0.074,0.078,0.075,0.075,0.074,0.075,0.073,0.076,0.074,0.075,0.073,0.075,0.074,0.073,0.075,0.074,0.075,0.075,0.075,0.076,0.076,0.076,0.075,0.074,0.076,0.079,0.08,0.081,0.086,0.082,0.082,0.083,0.09,0.091,0.076,0.074,0.079,0.082,0.075,0.077,0.075,0.077,0.074,0.079,0.074,0.077,0.074,0.073,0.074,0.077,0.076,0.077,0.077,0.078
30:44:25,0.096,0.081,0.087,0.09,0.11,0.08,0.077,0.077,0.081,0.086,0.074,0.076,0.074,0.076,0.075,0.075,0.074,0.075,0.073,0.076,0.074,0.074,0.074,0.075,0.074,0.073,0.075,0.074,0.075,0.075,0.075,0.076,0.076,0.076,0.074,0.074,0.076,0.078,0.079,0.079,0.083,0.08,0.079,0.08,0.085,0.085,0.075,0.074,0.077,0.079,0.075,0.075,0.075,0.076,0.074,0.076,0.075,0.077,0.075,0.074,0.075,0.076,0.076,0.077,0.077,0.078
31:14:24,0.096,0.081,0.087,0.09,0.109,0.079,0.077,0.076,0.08,0.085,0.073,0.075,0.074,0.076,0.074,0.075,0.074,0.075,0.074,0.076,0.074,0.075,0.073,0.075,0.074,0.073,0.074,0.073,0.074,0.074,0.074,0.075,0.075,0.076,0.074,0.074,0.075,0.076,0.078,0.078,0.083,0.079,0.078,0.079,0.084,0.084,0.074,0.072,0.076,0.078,0.074,0.074,0.074,0.075,0.073,0.075,0.073,0.076,0.073,0.073,0.073,0.075,0.075,0.075,0.075,0.076
31:44:24,0.096,0.083,0.087,0.09,0.11,0.08,0.077,0.077,0.081,0.086,0.074,0.075,0.074,0.077,0.076,0.075,0.075,0.076,0.074,0.077,0.074,0.075,0.075,0.076,0.075,0.074,0.076,0.075,0.076,0.076,0.076,0.076,0.076,0.077,0.075,0.075,0.076,0.077,0.079,0.079,0.083,0.08,0.08,0.081,0.086,0.085,0.075,0.074,0.077,0.079,0.075,0.076,0.076,0.076,0.075,0.077,0.075,0.077,0.075,0.074,0.075,0.076,0.076,0.077,0.077,0.078
32:14:24,0.098,0.082,0.088,0.09,0.109,0.079,0.077,0.076,0.08,0.082,0.075,0.076,0.075,0.077,0.076,0.076,0.075,0.076,0.075,0.077,0.075,0.075,0.074,0.076,0.075,0.074,0.076,0.075,0.076,0.076,0.076,0.077,0.077,0.077,0.075,0.075,0.077,0.078,0.08,0.08,0.084,0.081,0.08,0.082,0.087,0.086,0.076,0.074,0.078,0.079,0.075,0.076,0.075,0.077,0.075,0.077,0.075,0.078,0.076,0.075,0.075,0.077,0.077,0.078,0.077,0.079
32:44:24,0.1,0.083,0.087,0.091,0.108,0.079,0.076,0.075,0.079,0.083,0.074,0.076,0.075,0.076,0.076,0.076,0.075,0.076,0.075,0.077,0.074,0.076,0.075,0.077,0.076,0.074,0.078,0.077,0.078,0.078,0.077,0.078,0.078,0.078,0.076,0.075,0.077,0.077,0.078,0.079,0.082,0.077,0.079,0.079,0.083,0.082,0.075,0.074,0.076,0.078,0.076,0.076,0.075,0.075,0.076,0.076,0.075,0.077,0.076,0.074,0.076,0.077,0.077,0.077,0.077,0.077
33:14:24,0.098,0.082,0.088,0.091,0.109,0.08,0.078,0.077,0.081,0.086,0.075,0.076,0.076,0.078,0.077,0.077,0.076,0.076,0.076,0.078,0.075,0.076,0.075,0.077,0.076,0.074,0.077,0.076,0.077,0.077,0.077,0.078,0.078,0.078,0.076,0.076,0.078,0.077,0.08,0.08,0.085,0.079,0.08,0.082,0.087,0.086,0.076,0.075,0.078,0.08,0.076,0.077,0.077,0.077,0.076,0.078,0.075,0.078,0.075,0.075,0.075,0.077,0.077,0.078,0.078,0.079
33:44:24,0.098,0.083,0.088,0.091,0.11,0.081,0.078,0.078,0.083,0.087,0.073,0.076,0.074,0.076,0.075,0.075,0.074,0.075,0.074,0.076,0.074,0.075,0.074,0.075,0.074,0.073,0.076,0.074,0.076,0.075,0.075,0.076,0.076,0.076,0.074,0.074,0.076,0.077,0.079,0.079,0.084,0.077,0.08,0.081,0.087,0.086,0.074,0.073,0.077,0.078,0.074,0.074,0.074,0.074,0.074,0.075,0.073,0.076,0.074,0.073,0.074,0.074,0.074,0.075,0.074,0.076
34:14:24,0.099,0.082,0.088,0.091,0.109,0.08,0.078,0.077,0.082,0.086,0.074,0.077,0.075,0.076,0.075,0.075,0.075,0.075,0.075,0.077,0.075,0.076,0.074,0.076,0.075,0.074,0.076,0.075,0.076,0.076,0.075,0.076,0.076,0.077,0.075,0.074,0.077,0.077,0.08,0.079,0.084,0.077,0.078,0.08,0.085,0.085,0.074,0.073,0.077,0.078,0.074,0.075,0.075,0.076,0.074,0.076,0.073,0.076,0.074,0.073,0.074,0.075,0.075,0.076,0.075,0.077
34:44:24,0.1,0.083,0.089,0.091,0.109,0.081,0.077,0.077,0.082,0.087,0.074,0.077,0.075,0.077,0.075,0.076,0.075,0.076,0.073,0.077,0.074,0.075,0.074,0.076,0.075,0.073,0.076,0.075,0.076,0.076,0.075,0.076,0.076,0.076,0.074,0.074,0.076,0.077,0.079,0.079,0.084,0.077,0.079,0.081,0.087,0.087,0.075,0.074,0.077,0.079,0.075,0.075,0.075,0.075,0.074,0.076,0.074,0.077,0.075,0.073,0.075,0.076,0.076,0.077,0.076,0.077
35:14:24,0.1,0.081,0.088,0.09,0.107,0.079,0.075,0.075,0.079,0.084,0.073,0.075,0.073,0.074,0.073,0.074,0.073,0.073,0.073,0.075,0.073,0.074,0.074,0.075,0.073,0.072,0.076,0.074,0.075,0.075,0.075,0.075,0.075,0.075,0.073,0.073,0.074,0.074,0.076,0.076,0.08,0.074,0.076,0.078,0.081,0.081,0.073,0.071,0.074,0.075,0.073,0.074,0.074,0.074,0.073,0.075,0.072,0.075,0.074,0.073,0.073,0.074,0.074,0.075,0.074,0.076
35:44:24,0.099,0.082,0.092,0.094,0.113,0.082,0.077,0.078,0.084,0.09,0.074,0.078,0.074,0.076,0.076,0.076,0.075,0.076,0.075,0.077,0.074,0.075,0.074,0.077,0.074,0.074,0.077,0.076,0.076,0.076,0.076,0.077,0.077,0.077,0.075,0.075,0.076,0.076,0.082,0.081,0.087,0.076,0.079,0.081,0.086,0.085,0.075,0.075,0.075,0.078,0.075,0.076,0.075,0.076,0.074,0.077,0.074,0.077,0.075,0.074,0.075,0.076,0.076,0.077,0.077,0.078
36:14:24,0.098,0.083,0.093,0.094,0.114,0.083,0.08,0.08,0.086,0.083,0.074,0.079,0.075,0.078,0.076,0.077,0.075,0.076,0.075,0.077,0.075,0.076,0.074,0.077,0.075,0.074,0.076,0.075,0.076,0.076,0.076,0.076,0.076,0.077,0.075,0.076,0.078,0.079,0.085,0.085,0.091,0.079,0.082,0.085,0.092,0.093,0.076,0.076,0.078,0.082,0.076,0.078,0.077,0.078,0.076,0.079,0.075,0.078,0.076,0.076,0.076,0.079,0.078,0.079,0.079,0.081
36:44:24,0.101,0.081,0.088,0.089,0.107,0.079,0.075,0.075,0.08,0.076,0.074,0.076,0.074,0.075,0.075,0.075,0.075,0.074,0.074,0.076,0.074,0.074,0.074,0.076,0.074,0.072,0.076,0.074,0.076,0.076,0.075,0.076,0.076,0.076,0.074,0.073,0.075,0.075,0.078,0.078,0.083,0.076,0.077,0.079,0.083,0.083,0.074,0.073,0.075,0.077,0.074,0.075,0.076,0.075,0.075,0.077,0.074,0.076,0.075,0.074,0.074,0.075,0.075,0.076,0.076,0.077
37:14:24,0.1,0.081,0.088,0.091,0.108,0.081,0.078,0.078,0.083,0.079,0.074,0.077,0.074,0.076,0.075,0.076,0.074,0.075,0.074,0.076,0.074,0.075,0.075,0.077,0.076,0.074,0.077,0.075,0.076,0.077,0.076,0.076,0.076,0.077,0.075,0.075,0.078,0.078,0.081,0.081,0.087,0.079,0.081,0.083,0.088,0.089,0.076,0.077,0.076,0.081,0.076,0.078,0.077,0.078,0.076,0.079,0.076,0.079,0.076,0.077,0.077,0.078,0.077,0.078,0.078,0.08
37:44:24,0.1,0.082,0.088,0.09,0.107,0.08,0.078,0.077,0.082,0.076,0.074,0.077,0.075,0.077,0.076,0.076,0.075,0.076,0.075,0.078,0.075,0.077,0.076,0.078,0.076,0.075,0.077,0.076,0.077,0.077,0.077,0.078,0.078,0.078,0.076,0.077,0.079,0.078,0.082,0.082,0.08,0.079,0.082,0.084,0.089,0.09,0.076,0.077,0.075,0.08,0.076,0.078,0.077,0.077,0.075,0.08,0.075,0.078,0.075,0.075,0.076,0.077,0.076,0.077,0.077,0.08
38:14:24,0.102,0.082,0.088,0.09,0.107,0.081,0.077,0.077,0.082,0.076,0.074,0.078,0.075,0.076,0.076,0.076,0.075,0.075,0.074,0.077,0.074,0.074,0.075,0.076,0.075,0.074,0.077,0.075,0.076,0.076,0.076,0.077,0.077,0.077,0.074,0.074,0.076,0.076,0.079,0.078,0.077,0.076,0.078,0.081,0.085,0.085,0.074,0.075,0.073,0.077,0.075,0.076,0.076,0.076,0.075,0.077,0.074,0.077,0.075,0.075,0.075,0.076,0.076,0.077,0.076,0.078
38:44:24,0.101,0.082,0.088,0.09,0.107,0.08,0.077,0.077,0.081,0.076,0.075,0.078,0.075,0.077,0.076,0.077,0.075,0.075,0.074,0.077,0.074,0.075,0.074,0.076,0.074,0.074,0.076,0.075,0.076,0.076,0.075,0.076,0.076,0.077,0.074,0.075,0.078,0.077,0.081,0.08,0.078,0.078,0.081,0.083,0.089,0.088,0.075,0.077,0.073,0.08,0.075,0.077,0.076,0.077,0.075,0.078,0.075,0.078,0.075,0.075,0.075,0.077,0.076,0.076,0.077,0.079
39:14:24,0.102,0.081,0.087,0.089,0.107,0.08,0.077,0.077,0.081,0.075,0.074,0.078,0.075,0.076,0.075,0.076,0.075,0.076,0.075,0.077,0.075,0.075,0.075,0.077,0.074,0.074,0.076,0.075,0.076,0.076,0.076,0.077,0.076,0.077,0.075,0.075,0.078,0.078,0.082,0.083,0.08,0.08,0.083,0.086,0.092,0.092,0.076,0.076,0.075,0.079,0.075,0.077,0.075,0.077,0.075,0.079,0.076,0.078,0.075,0.076,0.076,0.077,0.076,0.078,0.078,0.08
39:44:24,0.102,0.082,0.088,0.091,0.109,0.082,0.078,0.079,0.085,0.077,0.074,0.078,0.075,0.076,0.076,0.077,0.075,0.076,0.075,0.078,0.075,0.076,0.075,0.078,0.075,0.075,0.077,0.075,0.077,0.076,0.076,0.077,0.077,0.078,0.075,0.076,0.078,0.078,0.078,0.082,0.08,0.079,0.083,0.085,0.092,0.09,0.076,0.077,0.074,0.08,0.076,0.078,0.075,0.077,0.076,0.079,0.076,0.079,0.076,0.077,0.076,0.077,0.077,0.078,0.078,0.08
40:14:24,0.102,0.082,0.088,0.09,0.108,0.082,0.078,0.079,0.084,0.077,0.074,0.078,0.075,0.077,0.076,0.077,0.075,0.076,0.075,0.078,0.075,0.076,0.075,0.078,0.074,0.075,0.077,0.076,0.077,0.077,0.077,0.077,0.077,0.078,0.075,0.077,0.079,0.079,0.079,0.083,0.081,0.08,0.08,0.086,0.093,0.086,0.076,0.078,0.075,0.081,0.076,0.079,0.076,0.078,0.076,0.081,0.077,0.08,0.076,0.077,0.077,0.078,0.077,0.079,0.079,0.081
40:44:24,0.102,0.082,0.088,0.09,0.107,0.081,0.077,0.077,0.083,0.076,0.074,0.079,0.074,0.077,0.076,0.076,0.075,0.076,0.074,0.078,0.074,0.075,0.074,0.077,0.074,0.074,0.077,0.075,0.076,0.075,0.076,0.076,0.076,0.077,0.074,0.075,0.079,0.078,0.078,0.082,0.08,0.079,0.078,0.086,0.092,0.084,0.075,0.077,0.074,0.08,0.075,0.079,0.075,0.078,0.076,0.08,0.076,0.079,0.075,0.076,0.076,0.077,0.077,0.078,0.078,0.081
41:14:24,0.102,0.081,0.087,0.089,0.107,0.081,0.077,0.077,0.082,0.076,0.076,0.079,0.076,0.077,0.077,0.078,0.077,0.077,0.075,0.079,0.076,0.076,0.075,0.079,0.076,0.075,0.077,0.075,0.076,0.077,0.076,0.076,0.076,0.078,0.075,0.076,0.079,0.078,0.078,0.082,0.081,0.08,0.079,0.086,0.092,0.084,0.076,0.078,0.075,0.08,0.075,0.078,0.075,0.078,0.075,0.081,0.076,0.08,0.076,0.077,0.077,0.078,0.077,0.078,0.078,0.081
41:44:24,0.104,0.082,0.089,0.091,0.108,0.082,0.077,0.078,0.084,0.076,0.075,0.08,0.075,0.076,0.077,0.077,0.076,0.076,0.075,0.078,0.074,0.076,0.076,0.079,0.075,0.076,0.079,0.076,0.078,0.078,0.077,0.078,0.078,0.078,0.075,0.076,0.078,0.077,0.077,0.081,0.079,0.079,0.078,0.084,0.085,0.082,0.075,0.076,0.075,0.079,0.076,0.078,0.075,0.076,0.075,0.08,0.076,0.078,0.076,0.076,0.076,0.076,0.076,0.077,0.076,0.079
42:14:25,0.104,0.083,0.089,0.091,0.108,0.082,0.078,0.078,0.084,0.076,0.075,0.081,0.075,0.076,0.076,0.077,0.076,0.076,0.075,0.078,0.075,0.076,0.075,0.079,0.074,0.074,0.077,0.075,0.076,0.076,0.075,0.076,0.076,0.076,0.073,0.075,0.077,0.075,0.076,0.079,0.077,0.076,0.076,0.083,0.082,0.079,0.074,0.076,0.073,0.077,0.074,0.076,0.074,0.076,0.075,0.08,0.075,0.078,0.075,0.076,0.075,0.076,0.076,0.077,0.077,0.079
42:44:25,0.102,0.081,0.087,0.09,0.107,0.081,0.077,0.077,0.083,0.076,0.075,0.079,0.075,0.076,0.076,0.078,0.076,0.077,0.076,0.079,0.076,0.076,0.076,0.079,0.076,0.074,0.077,0.075,0.076,0.076,0.076,0.077,0.077,0.078,0.075,0.077,0.079,0.077,0.078,0.083,0.081,0.08,0.079,0.087,0.087,0.083,0.076,0.078,0.075,0.08,0.076,0.079,0.076,0.078,0.075,0.082,0.076,0.079,0.075,0.077,0.076,0.077,0.077,0.078,0.078,0.081
43:14:25,0.102,0.083,0.089,0.091,0.109,0.083,0.079,0.08,0.086,0.079,0.075,0.081,0.076,0.078,0.077,0.078,0.076,0.077,0.075,0.079,0.076,0.077,0.076,0.079,0.076,0.076,0.078,0.076,0.078,0.078,0.078,0.078,0.078,0.079,0.076,0.078,0.08,0.079,0.079,0.083,0.081,0.08,0.079,0.087,0.087,0.082,0.076,0.08,0.076,0.081,0.075,0.08,0.076,0.079,0.077,0.082,0.078,0.081,0.077,0.079,0.079,0.079,0.079,0.08,0.081,0.083
43:44:25,0.102,0.082,0.088,0.09,0.108,0.082,0.078,0.079,0.085,0.078,0.074,0.08,0.075,0.077,0.076,0.077,0.076,0.076,0.075,0.078,0.075,0.077,0.075,0.079,0.074,0.075,0.078,0.076,0.077,0.077,0.077,0.077,0.077,0.078,0.075,0.077,0.08,0.078,0.079,0.083,0.081,0.08,0.079,0.081,0.087,0.079,0.076,0.078,0.075,0.081,0.076,0.08,0.076,0.078,0.076,0.082,0.078,0.081,0.077,0.078,0.078,0.079,0.078,0.08,0.08,0.084
44:14:25,0.103,0.082,0.089,0.09,0.108,0.082,0.077,0.078,0.085,0.076,0.075,0.082,0.075,0.076,0.076,0.078,0.076,0.075,0.074,0.078,0.075,0.075,0.075,0.078,0.074,0.073,0.079,0.075,0.076,0.077,0.076,0.076,0.076,0.076,0.073,0.074,0.077,0.076,0.076,0.08,0.078,0.077,0.077,0.079,0.08,0.077,0.074,0.076,0.073,0.077,0.073,0.076,0.073,0.074,0.073,0.079,0.073,0.076,0.074,0.074,0.074,0.075,0.075,0.076,0.076,0.078
44:44:25,0.102,0.082,0.088,0.089,0.106,0.081,0.077,0.077,0.083,0.076,0.074,0.08,0.075,0.076,0.076,0.077,0.075,0.076,0.074,0.078,0.075,0.076,0.075,0.079,0.075,0.075,0.076,0.075,0.077,0.076,0.076,0.077,0.077,0.078,0.075,0.077,0.08,0.078,0.079,0.084,0.081,0.08,0.08,0.081,0.082,0.081,0.076,0.079,0.076,0.081,0.076,0.078,0.077,0.078,0.076,0.082,0.077,0.081,0.076,0.079,0.078,0.078,0.078,0.079,0.08,0.084
45:14:24,0.103,0.082,0.088,0.09,0.108,0.083,0.078,0.079,0.085,0.077,0.074,0.08,0.075,0.076,0.076,0.077,0.075,0.076,0.074,0.078,0.075,0.076,0.075,0.079,0.074,0.074,0.075,0.075,0.076,0.076,0.075,0.076,0.076,0.078,0.075,0.077,0.079,0.077,0.077,0.082,0.08,0.079,0.078,0.079,0.08,0.079,0.075,0.078,0.075,0.08,0.074,0.077,0.075,0.077,0.074,0.081,0.076,0.08,0.075,0.077,0.076,0.077,0.076,0.077,0.078,0.082
45:44:24,0.104,0.082,0.089,0.091,0.108,0.083,0.079,0.079,0.086,0.078,0.075,0.081,0.075,0.076,0.077,0.078,0.076,0.076,0.075,0.079,0.075,0.075,0.075,0.08,0.075,0.075,0.08,0.077,0.078,0.078,0.077,0.077,0.077,0.078,0.075,0.075,0.079,0.077,0.077,0.081,0.079,0.078,0.078,0.079,0.08,0.079,0.075,0.078,0.075,0.078,0.076,0.077,0.076,0.077,0.075,0.082,0.076,0.079,0.076,0.077,0.077,0.078,0.077,0.078,0.078,0.082
46:14:24,0.105,0.083,0.088,0.09,0.107,0.082,0.077,0.077,0.084,0.077,0.075,0.076,0.075,0.076,0.076,0.078,0.076,0.076,0.075,0.078,0.076,0.075,0.076,0.08,0.075,0.075,0.08,0.077,0.079,0.079,0.078,0.078,0.078,0.078,0.075,0.075,0.079,0.078,0.078,0.082,0.08,0.079,0.078,0.08,0.081,0.08,0.076,0.08,0.075,0.079,0.075,0.077,0.075,0.078,0.076,0.082,0.077,0.079,0.076,0.078,0.077,0.077,0.077,0.078,0.078,0.081
46:44:24,0.105,0.083,0.088,0.09,0.107,0.082,0.077,0.078,0.084,0.077,0.075,0.075,0.076,0.076,0.076,0.078,0.076,0.076,0.075,0.078,0.076,0.075,0.076,0.081,0.075,0.075,0.08,0.077,0.079,0.079,0.078,0.078,0.078,0.078,0.075,0.076,0.079,0.077,0.078,0.082,0.08,0.079,0.078,0.08,0.081,0.079,0.076,0.08,0.075,0.079,0.075,0.077,0.076,0.077,0.076,0.082,0.077,0.079,0.076,0.078,0.077,0.077,0.077,0.078,0.078,0.082
47:14:24,0.106,0.082,0.088,0.09,0.107,0.082,0.077,0.078,0.084,0.077,0.075,0.075,0.075,0.076,0.076,0.078,0.076,0.076,0.075,0.078,0.076,0.075,0.076,0.08,0.075,0.075,0.081,0.077,0.079,0.079,0.078,0.078,0.078,0.078,0.075,0.075,0.078,0.077,0.077,0.081,0.079,0.078,0.077,0.079,0.079,0.078,0.075,0.078,0.075,0.079,0.075,0.076,0.075,0.076,0.075,0.082,0.076,0.078,0.074,0.077,0.076,0.076,0.076,0.077,0.077,0.08
47:44:24,0.106,0.083,0.088,0.091,0.108,0.083,0.078,0.079,0.086,0.078,0.075,0.076,0.076,0.076,0.077,0.079,0.077,0.076,0.075,0.079,0.076,0.076,0.077,0.081,0.076,0.076,0.081,0.078,0.08,0.08,0.079,0.078,0.078,0.078,0.076,0.076,0.08,0.078,0.078,0.083,0.081,0.08,0.079,0.081,0.082,0.081,0.076,0.079,0.076,0.08,0.076,0.078,0.076,0.078,0.076,0.083,0.077,0.079,0.076,0.078,0.077,0.078,0.078,0.079,0.079,0.082
48:14:24,0.107,0.082,0.088,0.09,0.107,0.082,0.078,0.078,0.086,0.079,0.076,0.076,0.077,0.076,0.077,0.079,0.077,0.076,0.075,0.079,0.076,0.075,0.076,0.081,0.075,0.076,0.08,0.077,0.078,0.078,0.077,0.077,0.077,0.077,0.075,0.075,0.079,0.077,0.077,0.081,0.079,0.078,0.077,0.079,0.08,0.078,0.075,0.078,0.075,0.079,0.074,0.076,0.075,0.076,0.074,0.081,0.075,0.078,0.074,0.076,0.076,0.077,0.076,0.078,0.078,0.081
48:44:24,0.106,0.082,0.089,0.091,0.109,0.084,0.078,0.079,0.086,0.077,0.075,0.074,0.075,0.078,0.078,0.08,0.078,0.077,0.076,0.08,0.076,0.077,0.076,0.081,0.076,0.076,0.079,0.077,0.079,0.078,0.078,0.078,0.078,0.078,0.075,0.075,0.079,0.078,0.079,0.083,0.081,0.075,0.079,0.081,0.081,0.08,0.075,0.08,0.075,0.079,0.075,0.077,0.076,0.077,0.076,0.082,0.075,0.08,0.075,0.078,0.077,0.077,0.077,0.079,0.08,0.083