Time,WT0_1,WT0_2,WT0_3,WT0_4,WTarcA0_1,WTarcA0_2,WTarcA0_3,WTarcA0_4,TetR0_1,TetR0_2,TetR0_3,TetR0_4,TetRarcA0_1,TetRarcA0_2,TetRarcA0_3,TetRarcA0_4,pRB3-arcA0_1,pRB3-arcA0_2,pRB3-arcA0_3,pRB3-arcA0_4,TetR4_1,TetR4_2,TetR4_3,TetR4_4,TetRarcA4_1,TetRarcA4_2,TetRarcA4_3,TetRarcA4_4,pRB3-arcA4_1,pRB3-arcA4_2,pRB3-arcA4_3,pRB3-arcA4_4,TetR12_1,TetR12_2,TetR12_3,TetR12_4,TetRarcA12_1,TetRarcA12_2,TetRarcA12_3,TetRarcA12_4,pRB3-arcA12_1,pRB3-arcA12_2,pRB3-arcA12_3,pRB3-arcA12_4,TetR16_1,TetR16_2,TetR16_3,TetR16_4,TetRarcA16_1,TetRarcA16_2,TetRarcA16_3,TetRarcA16_4,pRB3-arcA16_1,pRB3-arcA16_2,pRB3-arcA16_3,pRB3-arcA16_4,TetR20_1,TetR20_2,TetR20_3,TetR20_4,TetRarcA20_1,TetRarcA20_2,TetRarcA20_3,TetRarcA20_4,pRB3-arcA20_1,pRB3-arcA20_2,pRB3-arcA20_3,pRB3-arcA20_4
0:00:05,0.098,0.1,0.097,0.098,0.097,0.099,0.099,0.101,0.101,0.102,0.101,0.104,0.101,0.104,0.103,0.106,0.101,0.101,0.102,0.104,0.102,0.103,0.104,0.106,0.099,0.1,0.101,0.101,0.103,0.102,0.103,0.105,0.1,0.1,0.101,0.103,0.104,0.104,0.104,0.107,0.105,0.106,0.106,0.108,0.106,0.107,0.107,0.111,0.102,0.101,0.1,0.1,0.104,0.104,0.105,0.106,0.1,0.102,0.104,0.103,0.103,0.105,0.105,0.104,0.101,0.104,0.104,0.11
0:14:33,0.065,0.066,0.066,0.067,0.067,0.068,0.075,0.079,0.072,0.074,0.073,0.073,0.072,0.075,0.075,0.076,0.078,0.078,0.077,0.077,0.074,0.074,0.076,0.079,0.068,0.069,0.071,0.069,0.073,0.076,0.075,0.077,0.069,0.072,0.072,0.071,0.072,0.073,0.072,0.074,0.068,0.068,0.068,0.071,0.068,0.068,0.069,0.073,0.068,0.068,0.069,0.071,0.072,0.069,0.071,0.072,0.067,0.068,0.068,0.068,0.068,0.068,0.068,0.068,0.069,0.071,0.072,0.074
0:44:32,0.081,0.082,0.081,0.081,0.08,0.082,0.082,0.081,0.084,0.084,0.084,0.087,0.084,0.085,0.086,0.087,0.087,0.088,0.088,0.089,0.085,0.086,0.086,0.087,0.083,0.083,0.084,0.084,0.086,0.087,0.087,0.087,0.083,0.084,0.084,0.084,0.084,0.084,0.085,0.086,0.086,0.087,0.087,0.086,0.084,0.084,0.084,0.084,0.086,0.086,0.086,0.087,0.089,0.088,0.088,0.088,0.084,0.085,0.085,0.084,0.085,0.084,0.084,0.085,0.087,0.089,0.089,0.09
1:14:27,0.082,0.083,0.082,0.083,0.082,0.083,0.083,0.083,0.083,0.084,0.084,0.086,0.083,0.084,0.084,0.085,0.086,0.087,0.087,0.088,0.084,0.083,0.085,0.087,0.081,0.081,0.082,0.083,0.085,0.087,0.085,0.086,0.081,0.082,0.082,0.082,0.082,0.082,0.081,0.083,0.082,0.083,0.083,0.082,0.08,0.08,0.08,0.081,0.08,0.081,0.081,0.082,0.084,0.083,0.084,0.085,0.08,0.08,0.08,0.08,0.08,0.08,0.08,0.08,0.083,0.085,0.085,0.087
1:44:26,0.088,0.09,0.088,0.089,0.085,0.087,0.086,0.087,0.089,0.09,0.09,0.092,0.085,0.087,0.087,0.088,0.09,0.091,0.091,0.091,0.086,0.086,0.087,0.088,0.082,0.083,0.084,0.084,0.086,0.088,0.087,0.088,0.082,0.082,0.084,0.083,0.082,0.083,0.082,0.084,0.084,0.085,0.085,0.085,0.081,0.081,0.081,0.082,0.082,0.082,0.082,0.083,0.085,0.085,0.085,0.085,0.081,0.081,0.081,0.081,0.08,0.081,0.081,0.081,0.083,0.085,0.085,0.087
2:14:25,0.105,0.107,0.106,0.107,0.09,0.092,0.093,0.092,0.1,0.101,0.101,0.104,0.09,0.092,0.092,0.093,0.094,0.096,0.096,0.097,0.09,0.09,0.092,0.093,0.084,0.083,0.083,0.082,0.084,0.089,0.088,0.09,0.082,0.083,0.084,0.084,0.082,0.082,0.083,0.084,0.085,0.085,0.085,0.085,0.081,0.081,0.081,0.082,0.082,0.083,0.083,0.085,0.087,0.086,0.087,0.087,0.081,0.082,0.082,0.081,0.081,0.081,0.081,0.082,0.084,0.085,0.086,0.088
2:44:25,0.144,0.147,0.145,0.147,0.098,0.101,0.102,0.1,0.124,0.126,0.126,0.128,0.099,0.1,0.101,0.101,0.104,0.106,0.106,0.107,0.097,0.098,0.099,0.1,0.092,0.093,0.095,0.094,0.095,0.098,0.096,0.097,0.087,0.088,0.089,0.089,0.087,0.088,0.087,0.089,0.089,0.09,0.09,0.09,0.085,0.086,0.086,0.086,0.085,0.086,0.086,0.088,0.09,0.089,0.09,0.09,0.084,0.085,0.085,0.084,0.084,0.085,0.086,0.085,0.087,0.089,0.088,0.091
3:14:25,0.235,0.242,0.238,0.24,0.112,0.115,0.115,0.115,0.169,0.172,0.172,0.174,0.11,0.113,0.113,0.114,0.117,0.119,0.119,0.12,0.106,0.107,0.108,0.11,0.099,0.1,0.102,0.101,0.102,0.104,0.103,0.105,0.09,0.091,0.093,0.092,0.09,0.091,0.091,0.093,0.092,0.093,0.094,0.094,0.088,0.088,0.088,0.089,0.088,0.089,0.09,0.091,0.093,0.093,0.093,0.094,0.086,0.087,0.087,0.087,0.086,0.087,0.087,0.087,0.09,0.092,0.093,0.094
3:44:25,0.373,0.388,0.378,0.383,0.132,0.138,0.138,0.137,0.243,0.249,0.248,0.25,0.125,0.128,0.128,0.13,0.133,0.136,0.136,0.137,0.115,0.117,0.118,0.121,0.106,0.108,0.11,0.109,0.108,0.11,0.11,0.111,0.092,0.093,0.094,0.095,0.092,0.093,0.093,0.095,0.094,0.096,0.096,0.095,0.088,0.089,0.089,0.09,0.088,0.089,0.09,0.092,0.095,0.093,0.094,0.095,0.085,0.087,0.087,0.087,0.086,0.087,0.087,0.088,0.09,0.092,0.091,0.094
4:14:24,0.528,0.54,0.527,0.531,0.16,0.168,0.169,0.167,0.35,0.359,0.356,0.359,0.147,0.152,0.153,0.155,0.16,0.163,0.163,0.164,0.127,0.131,0.132,0.135,0.118,0.121,0.122,0.122,0.118,0.12,0.12,0.123,0.096,0.097,0.098,0.098,0.095,0.096,0.096,0.099,0.098,0.099,0.099,0.1,0.091,0.092,0.092,0.093,0.091,0.092,0.093,0.094,0.097,0.097,0.098,0.098,0.088,0.089,0.089,0.09,0.088,0.09,0.089,0.09,0.093,0.096,0.095,0.098
4:44:24,0.652,0.668,0.653,0.656,0.196,0.208,0.21,0.208,0.404,0.412,0.409,0.414,0.173,0.181,0.182,0.186,0.194,0.2,0.2,0.201,0.142,0.147,0.149,0.154,0.131,0.135,0.136,0.136,0.128,0.132,0.132,0.135,0.098,0.099,0.101,0.101,0.097,0.098,0.098,0.101,0.1,0.103,0.103,0.103,0.092,0.093,0.093,0.094,0.092,0.092,0.093,0.095,0.098,0.098,0.098,0.099,0.087,0.089,0.089,0.089,0.087,0.089,0.089,0.09,0.093,0.095,0.094,0.097
5:14:24,0.746,0.765,0.749,0.751,0.25,0.268,0.274,0.271,0.462,0.472,0.468,0.473,0.209,0.22,0.222,0.227,0.234,0.24,0.241,0.242,0.168,0.176,0.178,0.186,0.152,0.157,0.158,0.159,0.146,0.149,0.15,0.155,0.103,0.105,0.106,0.107,0.102,0.103,0.104,0.108,0.107,0.109,0.109,0.11,0.096,0.096,0.097,0.098,0.095,0.096,0.097,0.1,0.104,0.104,0.104,0.106,0.09,0.091,0.091,0.092,0.091,0.093,0.092,0.093,0.097,0.1,0.099,0.102
5:44:24,0.809,0.829,0.814,0.817,0.347,0.376,0.387,0.383,0.517,0.527,0.523,0.528,0.237,0.251,0.254,0.26,0.276,0.284,0.285,0.285,0.197,0.208,0.211,0.22,0.175,0.181,0.182,0.183,0.166,0.17,0.172,0.178,0.107,0.109,0.11,0.111,0.104,0.106,0.106,0.111,0.111,0.114,0.114,0.114,0.097,0.098,0.099,0.101,0.096,0.097,0.098,0.1,0.108,0.105,0.106,0.107,0.091,0.093,0.093,0.093,0.09,0.093,0.092,0.093,0.099,0.101,0.1,0.103
6:14:24,0.85,0.875,0.86,0.865,0.467,0.511,0.531,0.532,0.564,0.574,0.569,0.574,0.275,0.292,0.296,0.304,0.311,0.32,0.322,0.325,0.238,0.25,0.254,0.266,0.204,0.211,0.212,0.214,0.193,0.198,0.2,0.208,0.114,0.117,0.118,0.119,0.11,0.112,0.112,0.118,0.118,0.122,0.122,0.122,0.101,0.103,0.104,0.105,0.099,0.101,0.102,0.104,0.111,0.111,0.113,0.114,0.094,0.096,0.096,0.097,0.093,0.095,0.095,0.097,0.102,0.106,0.104,0.108
6:44:24,0.886,0.911,0.895,0.901,0.589,0.628,0.65,0.66,0.602,0.613,0.605,0.61,0.313,0.333,0.337,0.347,0.344,0.356,0.358,0.359,0.274,0.286,0.288,0.298,0.233,0.24,0.24,0.242,0.217,0.224,0.226,0.235,0.12,0.123,0.125,0.127,0.112,0.115,0.115,0.122,0.125,0.13,0.13,0.13,0.104,0.105,0.107,0.109,0.101,0.102,0.104,0.107,0.116,0.116,0.118,0.119,0.095,0.098,0.097,0.099,0.093,0.096,0.096,0.098,0.105,0.109,0.107,0.111
7:14:24,0.917,0.941,0.923,0.928,0.688,0.724,0.742,0.746,0.644,0.655,0.647,0.652,0.355,0.375,0.379,0.391,0.376,0.39,0.392,0.394,0.293,0.306,0.31,0.32,0.265,0.272,0.272,0.273,0.249,0.256,0.258,0.266,0.131,0.135,0.136,0.139,0.119,0.123,0.122,0.132,0.136,0.141,0.142,0.142,0.11,0.113,0.115,0.117,0.106,0.107,0.109,0.112,0.123,0.123,0.125,0.127,0.098,0.102,0.102,0.103,0.096,0.099,0.099,0.101,0.111,0.114,0.112,0.117
7:44:24,0.943,0.966,0.949,0.952,0.761,0.796,0.806,0.809,0.685,0.696,0.687,0.693,0.39,0.411,0.417,0.43,0.41,0.425,0.428,0.429,0.315,0.33,0.334,0.346,0.299,0.306,0.305,0.306,0.271,0.278,0.28,0.29,0.142,0.147,0.149,0.152,0.124,0.128,0.128,0.139,0.146,0.152,0.151,0.154,0.116,0.119,0.121,0.124,0.109,0.11,0.112,0.115,0.129,0.13,0.132,0.134,0.1,0.105,0.104,0.106,0.097,0.101,0.1,0.102,0.114,0.118,0.116,0.121
8:14:24,0.964,0.988,0.969,0.973,0.809,0.844,0.851,0.851,0.725,0.738,0.729,0.734,0.427,0.448,0.454,0.469,0.445,0.461,0.464,0.466,0.341,0.357,0.362,0.375,0.334,0.341,0.339,0.339,0.298,0.307,0.31,0.321,0.155,0.161,0.163,0.167,0.131,0.136,0.136,0.149,0.159,0.166,0.166,0.168,0.123,0.127,0.129,0.132,0.113,0.114,0.116,0.12,0.137,0.139,0.141,0.145,0.105,0.11,0.109,0.112,0.099,0.103,0.103,0.106,0.12,0.125,0.123,0.128
8:44:24,0.98,1.006,0.988,0.992,0.845,0.881,0.886,0.89,0.766,0.777,0.768,0.773,0.46,0.483,0.487,0.503,0.477,0.494,0.498,0.5,0.367,0.384,0.39,0.405,0.363,0.37,0.369,0.367,0.329,0.339,0.341,0.354,0.17,0.176,0.178,0.184,0.137,0.143,0.143,0.159,0.172,0.18,0.18,0.181,0.13,0.135,0.138,0.141,0.116,0.117,0.119,0.124,0.145,0.147,0.149,0.154,0.108,0.115,0.113,0.117,0.1,0.105,0.104,0.107,0.125,0.13,0.127,0.134
9:14:25,0.996,1.022,1.004,1.01,0.882,0.917,0.922,0.919,0.801,0.809,0.801,0.806,0.489,0.512,0.517,0.533,0.507,0.525,0.529,0.529,0.395,0.413,0.419,0.436,0.393,0.399,0.396,0.394,0.357,0.367,0.37,0.384,0.185,0.193,0.194,0.202,0.143,0.15,0.15,0.169,0.184,0.192,0.192,0.194,0.137,0.143,0.146,0.151,0.119,0.12,0.122,0.127,0.154,0.156,0.159,0.164,0.112,0.119,0.118,0.122,0.1,0.106,0.105,0.109,0.13,0.136,0.132,0.139
9:44:24,1.008,1.036,1.02,1.026,0.905,0.939,0.942,0.942,0.835,0.849,0.843,0.847,0.517,0.538,0.544,0.562,0.538,0.556,0.56,0.561,0.424,0.443,0.449,0.467,0.425,0.431,0.427,0.424,0.391,0.401,0.405,0.421,0.206,0.215,0.217,0.227,0.151,0.16,0.16,0.183,0.197,0.207,0.207,0.208,0.149,0.156,0.16,0.165,0.123,0.125,0.127,0.132,0.165,0.167,0.17,0.176,0.118,0.126,0.125,0.13,0.102,0.108,0.108,0.112,0.137,0.144,0.14,0.148
10:14:24,1.014,1.048,1.032,1.032,0.922,0.952,0.958,0.961,0.853,0.867,0.86,0.864,0.54,0.563,0.568,0.588,0.565,0.585,0.589,0.59,0.453,0.473,0.48,0.496,0.452,0.459,0.454,0.45,0.422,0.434,0.438,0.454,0.23,0.241,0.243,0.248,0.16,0.169,0.17,0.198,0.209,0.218,0.218,0.221,0.16,0.167,0.171,0.178,0.127,0.128,0.131,0.137,0.176,0.176,0.179,0.186,0.123,0.134,0.132,0.138,0.103,0.109,0.109,0.114,0.144,0.151,0.147,0.156
10:44:24,1.018,1.056,1.042,1.04,0.937,0.973,0.973,0.973,0.87,0.885,0.877,0.883,0.564,0.587,0.594,0.616,0.591,0.61,0.615,0.616,0.479,0.498,0.504,0.522,0.48,0.485,0.481,0.474,0.454,0.466,0.47,0.486,0.241,0.244,0.245,0.245,0.169,0.181,0.182,0.212,0.22,0.231,0.231,0.232,0.172,0.182,0.187,0.195,0.131,0.133,0.136,0.143,0.183,0.185,0.189,0.197,0.131,0.143,0.14,0.148,0.105,0.112,0.111,0.117,0.152,0.16,0.155,0.164
11:14:24,1.02,1.062,1.044,1.046,0.948,0.985,0.985,0.987,0.88,0.893,0.888,0.894,0.592,0.615,0.62,0.644,0.612,0.634,0.639,0.642,0.504,0.523,0.53,0.547,0.505,0.509,0.503,0.498,0.482,0.496,0.5,0.517,0.238,0.242,0.243,0.246,0.178,0.192,0.194,0.223,0.227,0.239,0.239,0.24,0.184,0.197,0.204,0.214,0.134,0.136,0.139,0.147,0.189,0.192,0.195,0.203,0.138,0.151,0.148,0.157,0.105,0.112,0.112,0.118,0.159,0.166,0.162,0.171
11:44:24,1.016,1.064,1.046,1.048,0.955,0.992,0.994,0.994,0.884,0.899,0.893,0.899,0.619,0.644,0.65,0.673,0.635,0.658,0.665,0.666,0.528,0.548,0.556,0.579,0.534,0.535,0.528,0.523,0.514,0.528,0.531,0.548,0.242,0.248,0.248,0.254,0.19,0.203,0.205,0.239,0.24,0.253,0.252,0.256,0.202,0.217,0.225,0.235,0.14,0.141,0.145,0.154,0.197,0.2,0.205,0.213,0.146,0.162,0.159,0.169,0.106,0.115,0.114,0.121,0.167,0.175,0.17,0.18
12:14:24,1.008,1.064,1.05,1.052,0.967,1.004,1.004,1.004,0.888,0.904,0.898,0.903,0.643,0.667,0.673,0.694,0.661,0.684,0.691,0.693,0.555,0.582,0.59,0.613,0.56,0.563,0.556,0.552,0.54,0.553,0.557,0.573,0.252,0.258,0.258,0.265,0.199,0.213,0.214,0.254,0.255,0.271,0.271,0.275,0.222,0.233,0.236,0.235,0.145,0.147,0.151,0.161,0.207,0.209,0.214,0.224,0.155,0.173,0.169,0.18,0.107,0.116,0.115,0.122,0.174,0.181,0.176,0.186
12:44:24,1,1.062,1.046,1.054,0.972,1.01,1.008,1.012,0.893,0.908,0.902,0.908,0.662,0.687,0.691,0.712,0.683,0.708,0.716,0.72,0.59,0.617,0.63,0.647,0.583,0.587,0.579,0.574,0.564,0.579,0.582,0.597,0.263,0.271,0.271,0.28,0.209,0.225,0.227,0.274,0.276,0.292,0.291,0.296,0.229,0.228,0.231,0.232,0.152,0.153,0.157,0.168,0.215,0.218,0.223,0.231,0.165,0.186,0.181,0.195,0.108,0.119,0.118,0.125,0.18,0.187,0.182,0.191
13:14:24,0.998,1.058,1.046,1.054,0.979,1.018,1.018,1.016,0.897,0.911,0.906,0.913,0.678,0.701,0.706,0.727,0.7,0.727,0.734,0.74,0.619,0.643,0.648,0.664,0.606,0.609,0.602,0.596,0.588,0.604,0.607,0.623,0.277,0.283,0.282,0.293,0.216,0.235,0.237,0.289,0.294,0.308,0.307,0.31,0.22,0.223,0.227,0.233,0.156,0.157,0.163,0.174,0.223,0.224,0.227,0.239,0.176,0.201,0.195,0.212,0.109,0.119,0.118,0.127,0.186,0.194,0.187,0.199
13:44:24,0.991,1.048,1.04,1.048,0.989,1.026,1.022,1.02,0.9,0.915,0.911,0.917,0.69,0.715,0.718,0.739,0.715,0.741,0.752,0.757,0.635,0.657,0.66,0.673,0.626,0.633,0.626,0.622,0.613,0.629,0.632,0.65,0.29,0.298,0.297,0.308,0.227,0.247,0.251,0.302,0.306,0.321,0.32,0.324,0.218,0.224,0.23,0.238,0.162,0.162,0.167,0.18,0.229,0.231,0.236,0.25,0.189,0.215,0.209,0.222,0.109,0.121,0.119,0.129,0.191,0.201,0.194,0.205
14:14:24,0.985,1.042,1.032,1.046,0.99,1.03,1.026,1.022,0.904,0.919,0.913,0.921,0.705,0.728,0.729,0.75,0.728,0.754,0.766,0.773,0.645,0.664,0.668,0.679,0.641,0.651,0.646,0.641,0.637,0.65,0.653,0.669,0.304,0.312,0.312,0.323,0.239,0.262,0.264,0.317,0.318,0.336,0.335,0.339,0.22,0.229,0.236,0.246,0.168,0.167,0.173,0.188,0.235,0.24,0.246,0.265,0.202,0.221,0.215,0.216,0.11,0.122,0.12,0.131,0.198,0.207,0.2,0.211
14:44:24,0.98,1.032,1.024,1.042,0.994,1.034,1.028,1.022,0.905,0.92,0.916,0.924,0.712,0.737,0.738,0.759,0.736,0.761,0.773,0.778,0.649,0.668,0.672,0.687,0.657,0.667,0.663,0.659,0.654,0.667,0.668,0.681,0.32,0.327,0.326,0.338,0.252,0.275,0.278,0.334,0.335,0.354,0.353,0.359,0.226,0.236,0.245,0.256,0.175,0.174,0.179,0.193,0.244,0.252,0.259,0.28,0.208,0.212,0.211,0.209,0.11,0.123,0.122,0.134,0.204,0.213,0.205,0.215
15:14:24,0.975,1.026,1.018,1.034,0.997,1.036,1.03,1.032,0.906,0.922,0.916,0.925,0.718,0.745,0.744,0.765,0.737,0.764,0.775,0.782,0.652,0.673,0.677,0.693,0.669,0.68,0.676,0.673,0.665,0.677,0.678,0.69,0.334,0.343,0.341,0.354,0.265,0.284,0.287,0.35,0.351,0.371,0.37,0.376,0.232,0.244,0.252,0.266,0.18,0.18,0.185,0.197,0.256,0.267,0.274,0.295,0.204,0.207,0.205,0.208,0.111,0.124,0.123,0.135,0.208,0.217,0.21,0.22
15:44:24,0.97,1.024,1.014,1.028,1.002,1.042,1.034,1.03,0.907,0.921,0.918,0.927,0.725,0.751,0.752,0.771,0.74,0.767,0.78,0.788,0.658,0.679,0.684,0.701,0.679,0.693,0.691,0.688,0.671,0.682,0.682,0.694,0.35,0.358,0.356,0.37,0.275,0.297,0.301,0.369,0.367,0.389,0.388,0.395,0.24,0.252,0.262,0.277,0.184,0.183,0.188,0.203,0.274,0.282,0.287,0.304,0.199,0.206,0.203,0.209,0.111,0.125,0.124,0.137,0.211,0.221,0.213,0.227
16:14:24,0.968,1.018,1.006,1.022,1.004,1.042,1.034,1.02,0.909,0.924,0.921,0.929,0.729,0.756,0.755,0.772,0.742,0.769,0.783,0.792,0.664,0.686,0.692,0.709,0.688,0.705,0.703,0.701,0.675,0.687,0.686,0.697,0.365,0.375,0.372,0.385,0.286,0.31,0.315,0.387,0.386,0.406,0.404,0.409,0.248,0.262,0.272,0.287,0.19,0.188,0.193,0.211,0.287,0.289,0.296,0.315,0.197,0.209,0.204,0.214,0.113,0.127,0.126,0.14,0.217,0.229,0.219,0.236
16:44:24,0.965,1.014,1.004,1.02,1.012,1.046,1.048,1.012,0.909,0.923,0.92,0.93,0.731,0.758,0.757,0.773,0.743,0.769,0.785,0.794,0.67,0.691,0.697,0.715,0.697,0.714,0.715,0.712,0.679,0.691,0.689,0.7,0.383,0.391,0.388,0.403,0.299,0.324,0.331,0.407,0.397,0.419,0.418,0.423,0.257,0.272,0.282,0.3,0.197,0.193,0.199,0.219,0.293,0.297,0.305,0.327,0.197,0.211,0.207,0.219,0.115,0.13,0.128,0.144,0.226,0.239,0.227,0.246
17:14:24,0.962,1.012,1,1.016,1.004,1.052,1.038,1.006,0.907,0.922,0.919,0.93,0.731,0.758,0.757,0.776,0.741,0.767,0.784,0.796,0.675,0.696,0.702,0.722,0.698,0.72,0.72,0.72,0.68,0.692,0.69,0.7,0.4,0.408,0.405,0.418,0.312,0.338,0.344,0.429,0.41,0.432,0.43,0.436,0.265,0.281,0.292,0.31,0.203,0.2,0.205,0.227,0.297,0.305,0.314,0.338,0.198,0.216,0.211,0.224,0.115,0.131,0.13,0.148,0.234,0.25,0.237,0.258
17:44:24,0.962,1.012,1.002,1.016,1,1.054,1.032,1,0.909,0.924,0.921,0.932,0.735,0.76,0.758,0.778,0.743,0.768,0.786,0.799,0.68,0.703,0.709,0.724,0.702,0.729,0.731,0.728,0.685,0.696,0.694,0.703,0.415,0.423,0.419,0.432,0.327,0.354,0.363,0.446,0.422,0.447,0.444,0.45,0.274,0.292,0.303,0.324,0.214,0.207,0.213,0.236,0.309,0.317,0.326,0.352,0.201,0.222,0.216,0.23,0.118,0.135,0.132,0.151,0.247,0.262,0.249,0.27
18:14:24,0.955,1.01,0.998,1.01,0.989,1.042,1.02,0.995,0.905,0.92,0.917,0.927,0.731,0.758,0.756,0.775,0.739,0.764,0.782,0.797,0.685,0.706,0.71,0.724,0.695,0.727,0.732,0.732,0.683,0.694,0.69,0.7,0.425,0.433,0.428,0.442,0.34,0.369,0.378,0.463,0.433,0.456,0.455,0.461,0.283,0.3,0.313,0.333,0.219,0.212,0.218,0.242,0.316,0.323,0.334,0.362,0.202,0.225,0.218,0.235,0.117,0.135,0.133,0.153,0.254,0.269,0.256,0.278
18:44:24,0.956,1.008,0.998,1.01,0.986,1.038,1.02,0.991,0.907,0.921,0.918,0.928,0.731,0.758,0.754,0.772,0.74,0.763,0.783,0.797,0.686,0.706,0.71,0.724,0.693,0.728,0.736,0.737,0.687,0.697,0.692,0.702,0.438,0.446,0.442,0.455,0.355,0.386,0.392,0.481,0.445,0.471,0.469,0.476,0.292,0.31,0.324,0.346,0.226,0.22,0.226,0.249,0.325,0.334,0.345,0.375,0.206,0.23,0.223,0.242,0.118,0.138,0.136,0.157,0.262,0.277,0.265,0.285
19:14:24,0.952,1.004,0.993,1.006,0.982,1.03,1.008,0.985,0.904,0.918,0.915,0.925,0.727,0.754,0.751,0.767,0.738,0.762,0.781,0.795,0.686,0.706,0.709,0.723,0.686,0.725,0.734,0.736,0.686,0.697,0.69,0.7,0.45,0.459,0.453,0.467,0.373,0.401,0.406,0.5,0.458,0.483,0.482,0.489,0.3,0.321,0.335,0.358,0.233,0.227,0.232,0.256,0.333,0.344,0.357,0.383,0.209,0.235,0.23,0.247,0.12,0.141,0.139,0.161,0.27,0.283,0.273,0.29
19:44:24,0.952,1.002,0.992,1.004,0.975,1.026,1.008,0.982,0.905,0.916,0.914,0.924,0.723,0.75,0.746,0.763,0.738,0.76,0.779,0.795,0.685,0.705,0.707,0.723,0.679,0.718,0.732,0.734,0.686,0.696,0.688,0.699,0.463,0.47,0.465,0.479,0.386,0.415,0.422,0.518,0.47,0.497,0.495,0.504,0.31,0.331,0.346,0.37,0.241,0.233,0.238,0.263,0.343,0.354,0.365,0.391,0.212,0.24,0.233,0.253,0.121,0.142,0.14,0.162,0.273,0.285,0.275,0.294
20:14:24,0.949,1,0.991,1.004,0.972,1.022,1.006,0.979,0.902,0.916,0.913,0.923,0.717,0.744,0.739,0.756,0.736,0.757,0.777,0.794,0.683,0.703,0.706,0.722,0.668,0.71,0.725,0.73,0.685,0.694,0.687,0.696,0.475,0.482,0.476,0.492,0.399,0.429,0.438,0.532,0.48,0.509,0.508,0.516,0.318,0.341,0.358,0.379,0.248,0.236,0.242,0.271,0.353,0.358,0.369,0.397,0.214,0.244,0.237,0.259,0.121,0.144,0.142,0.164,0.276,0.29,0.278,0.299
20:44:24,0.946,0.996,0.987,1.002,0.967,1.016,0.999,0.976,0.9,0.914,0.91,0.923,0.71,0.738,0.731,0.749,0.735,0.753,0.775,0.792,0.684,0.704,0.707,0.723,0.658,0.7,0.717,0.724,0.684,0.693,0.683,0.693,0.486,0.494,0.489,0.505,0.413,0.443,0.451,0.544,0.49,0.52,0.519,0.526,0.328,0.351,0.365,0.387,0.258,0.245,0.251,0.281,0.355,0.365,0.377,0.404,0.22,0.25,0.243,0.265,0.123,0.147,0.145,0.168,0.28,0.295,0.281,0.305
21:14:24,0.947,0.998,0.987,1.002,0.97,1.014,0.998,0.977,0.899,0.911,0.906,0.92,0.701,0.728,0.722,0.738,0.734,0.752,0.772,0.789,0.68,0.7,0.704,0.72,0.649,0.691,0.709,0.716,0.682,0.689,0.681,0.691,0.498,0.506,0.501,0.517,0.427,0.459,0.467,0.555,0.5,0.53,0.529,0.537,0.338,0.358,0.373,0.397,0.268,0.254,0.259,0.29,0.361,0.37,0.383,0.411,0.223,0.256,0.247,0.271,0.125,0.15,0.147,0.173,0.285,0.298,0.285,0.31
21:44:24,0.945,0.996,0.986,1,0.963,1.01,0.993,0.972,0.895,0.909,0.905,0.917,0.691,0.719,0.711,0.73,0.733,0.749,0.77,0.786,0.678,0.698,0.703,0.719,0.637,0.676,0.696,0.706,0.679,0.686,0.676,0.687,0.504,0.512,0.508,0.523,0.439,0.471,0.477,0.563,0.508,0.537,0.536,0.543,0.344,0.363,0.38,0.403,0.276,0.258,0.263,0.297,0.366,0.372,0.385,0.413,0.227,0.26,0.253,0.277,0.123,0.148,0.146,0.174,0.285,0.299,0.287,0.311
22:14:24,0.944,0.994,0.984,1.002,0.962,1.008,0.993,0.975,0.894,0.907,0.902,0.915,0.683,0.71,0.703,0.723,0.731,0.746,0.767,0.786,0.677,0.697,0.701,0.719,0.628,0.668,0.687,0.698,0.678,0.684,0.673,0.686,0.513,0.52,0.519,0.533,0.457,0.486,0.491,0.574,0.516,0.545,0.544,0.552,0.35,0.372,0.389,0.414,0.289,0.269,0.275,0.311,0.373,0.381,0.394,0.423,0.233,0.267,0.26,0.285,0.127,0.153,0.15,0.181,0.293,0.307,0.294,0.32
22:44:24,0.944,0.992,0.981,0.999,0.96,1.008,0.99,0.972,0.889,0.904,0.898,0.913,0.671,0.7,0.693,0.714,0.73,0.744,0.766,0.783,0.675,0.695,0.698,0.717,0.619,0.657,0.677,0.689,0.676,0.682,0.67,0.683,0.517,0.526,0.525,0.537,0.468,0.496,0.5,0.581,0.519,0.548,0.548,0.554,0.355,0.379,0.396,0.421,0.299,0.278,0.283,0.32,0.374,0.384,0.398,0.427,0.235,0.27,0.265,0.29,0.127,0.153,0.15,0.187,0.295,0.312,0.297,0.325
23:14:24,0.938,0.99,0.98,0.994,0.955,1.002,0.989,0.967,0.885,0.901,0.895,0.91,0.663,0.691,0.686,0.709,0.73,0.742,0.764,0.783,0.675,0.695,0.7,0.718,0.61,0.647,0.668,0.679,0.673,0.679,0.666,0.68,0.522,0.531,0.53,0.543,0.48,0.507,0.511,0.59,0.523,0.551,0.552,0.557,0.362,0.386,0.404,0.43,0.314,0.291,0.295,0.334,0.382,0.391,0.404,0.434,0.238,0.275,0.268,0.295,0.13,0.158,0.155,0.193,0.302,0.318,0.305,0.331
23:44:24,0.941,0.993,0.981,0.997,0.954,1,0.986,0.967,0.884,0.899,0.893,0.909,0.654,0.681,0.675,0.703,0.73,0.744,0.765,0.784,0.673,0.694,0.697,0.716,0.603,0.639,0.659,0.671,0.672,0.676,0.664,0.68,0.528,0.54,0.539,0.551,0.493,0.518,0.52,0.598,0.525,0.552,0.555,0.559,0.37,0.396,0.412,0.443,0.328,0.304,0.309,0.349,0.39,0.397,0.413,0.445,0.244,0.282,0.275,0.304,0.133,0.162,0.16,0.198,0.31,0.33,0.314,0.343
24:14:24,0.938,0.988,0.977,0.994,0.943,0.995,0.995,0.965,0.881,0.898,0.89,0.906,0.644,0.672,0.666,0.694,0.729,0.737,0.758,0.777,0.669,0.69,0.695,0.714,0.592,0.627,0.648,0.66,0.669,0.672,0.659,0.675,0.527,0.535,0.536,0.545,0.501,0.524,0.525,0.601,0.524,0.551,0.553,0.556,0.375,0.4,0.418,0.447,0.337,0.311,0.317,0.354,0.387,0.399,0.414,0.447,0.245,0.285,0.278,0.307,0.133,0.164,0.162,0.201,0.312,0.327,0.313,0.338
24:44:24,0.938,0.986,0.976,0.992,0.927,0.981,0.975,0.966,0.878,0.895,0.889,0.902,0.634,0.663,0.657,0.687,0.728,0.735,0.755,0.775,0.666,0.688,0.691,0.71,0.584,0.618,0.638,0.651,0.664,0.668,0.656,0.673,0.532,0.538,0.536,0.548,0.508,0.532,0.532,0.604,0.524,0.55,0.552,0.555,0.382,0.409,0.427,0.454,0.35,0.324,0.328,0.367,0.394,0.406,0.421,0.454,0.251,0.293,0.286,0.313,0.137,0.169,0.166,0.207,0.316,0.331,0.318,0.345
25:14:24,0.936,0.986,0.977,0.993,0.919,0.968,0.958,0.967,0.877,0.894,0.888,0.9,0.626,0.654,0.649,0.682,0.729,0.734,0.755,0.775,0.667,0.689,0.693,0.712,0.577,0.61,0.631,0.644,0.663,0.667,0.653,0.671,0.533,0.54,0.538,0.55,0.517,0.542,0.54,0.609,0.522,0.548,0.551,0.555,0.389,0.418,0.435,0.461,0.363,0.335,0.338,0.378,0.401,0.413,0.428,0.461,0.255,0.295,0.288,0.316,0.139,0.174,0.171,0.214,0.321,0.336,0.321,0.348
25:44:24,0.933,0.981,0.975,0.99,0.91,0.954,0.946,0.966,0.874,0.891,0.884,0.897,0.618,0.646,0.642,0.676,0.726,0.728,0.749,0.769,0.662,0.684,0.689,0.708,0.567,0.599,0.62,0.633,0.657,0.66,0.647,0.666,0.53,0.538,0.536,0.547,0.523,0.547,0.543,0.609,0.517,0.544,0.547,0.551,0.393,0.422,0.439,0.464,0.374,0.345,0.349,0.389,0.402,0.416,0.429,0.462,0.257,0.296,0.291,0.319,0.139,0.177,0.173,0.218,0.322,0.338,0.324,0.35
26:14:24,0.922,0.962,0.973,0.99,0.901,0.94,0.938,0.96,0.87,0.89,0.881,0.892,0.607,0.636,0.632,0.668,0.724,0.725,0.745,0.767,0.659,0.681,0.686,0.706,0.558,0.588,0.61,0.625,0.652,0.656,0.642,0.662,0.529,0.537,0.537,0.546,0.528,0.551,0.546,0.609,0.512,0.539,0.543,0.548,0.401,0.428,0.443,0.467,0.387,0.354,0.359,0.401,0.406,0.419,0.434,0.465,0.263,0.301,0.294,0.324,0.144,0.181,0.177,0.224,0.325,0.341,0.325,0.351
26:44:24,0.907,0.947,0.963,0.99,0.889,0.936,0.933,0.953,0.869,0.888,0.879,0.888,0.599,0.628,0.625,0.663,0.725,0.723,0.742,0.764,0.658,0.68,0.684,0.705,0.55,0.578,0.6,0.616,0.648,0.652,0.638,0.66,0.529,0.537,0.537,0.546,0.535,0.557,0.55,0.609,0.509,0.536,0.54,0.545,0.407,0.432,0.447,0.471,0.4,0.367,0.37,0.413,0.41,0.424,0.438,0.469,0.267,0.304,0.297,0.328,0.145,0.185,0.182,0.232,0.331,0.345,0.328,0.353
27:14:24,0.894,0.934,0.945,0.985,0.878,0.918,0.928,0.94,0.865,0.883,0.877,0.884,0.591,0.619,0.617,0.659,0.722,0.719,0.738,0.76,0.655,0.677,0.682,0.703,0.537,0.564,0.588,0.605,0.641,0.645,0.63,0.654,0.526,0.535,0.533,0.541,0.537,0.559,0.552,0.607,0.503,0.53,0.535,0.541,0.407,0.432,0.447,0.469,0.409,0.377,0.38,0.421,0.411,0.425,0.439,0.469,0.264,0.302,0.295,0.328,0.146,0.186,0.183,0.237,0.332,0.345,0.33,0.355
27:44:24,0.882,0.924,0.932,0.967,0.868,0.909,0.914,0.932,0.866,0.883,0.876,0.881,0.58,0.61,0.608,0.653,0.721,0.715,0.734,0.757,0.654,0.676,0.68,0.702,0.527,0.55,0.576,0.595,0.637,0.64,0.626,0.651,0.526,0.533,0.531,0.54,0.542,0.562,0.553,0.607,0.497,0.526,0.531,0.538,0.413,0.436,0.45,0.472,0.42,0.388,0.393,0.432,0.417,0.43,0.442,0.471,0.265,0.31,0.299,0.333,0.15,0.193,0.188,0.247,0.334,0.349,0.334,0.361
28:14:24,0.875,0.914,0.919,0.957,0.861,0.906,0.9,0.927,0.864,0.879,0.875,0.878,0.569,0.6,0.6,0.65,0.721,0.715,0.734,0.757,0.654,0.676,0.681,0.703,0.514,0.536,0.561,0.582,0.631,0.634,0.621,0.648,0.526,0.534,0.534,0.544,0.546,0.565,0.555,0.607,0.494,0.521,0.526,0.532,0.414,0.438,0.452,0.475,0.429,0.401,0.405,0.445,0.42,0.433,0.446,0.471,0.266,0.311,0.301,0.337,0.152,0.195,0.193,0.255,0.336,0.356,0.339,0.366
28:44:24,0.867,0.91,0.908,0.942,0.854,0.896,0.89,0.921,0.861,0.877,0.872,0.88,0.554,0.59,0.588,0.645,0.718,0.71,0.728,0.753,0.65,0.673,0.678,0.7,0.499,0.518,0.545,0.567,0.624,0.627,0.614,0.643,0.524,0.533,0.531,0.542,0.547,0.565,0.554,0.603,0.487,0.514,0.52,0.527,0.414,0.438,0.452,0.475,0.436,0.408,0.413,0.452,0.42,0.433,0.445,0.47,0.266,0.313,0.301,0.339,0.154,0.199,0.195,0.262,0.337,0.355,0.341,0.366
29:14:24,0.861,0.903,0.904,0.932,0.848,0.894,0.883,0.911,0.861,0.878,0.871,0.882,0.539,0.577,0.578,0.639,0.718,0.703,0.721,0.745,0.648,0.67,0.676,0.698,0.485,0.503,0.531,0.554,0.619,0.622,0.609,0.639,0.523,0.527,0.527,0.537,0.547,0.565,0.554,0.599,0.483,0.51,0.516,0.525,0.418,0.441,0.453,0.475,0.445,0.415,0.42,0.456,0.42,0.433,0.445,0.467,0.27,0.316,0.306,0.346,0.158,0.205,0.2,0.27,0.338,0.351,0.338,0.362
29:44:24,0.856,0.897,0.893,0.924,0.842,0.886,0.878,0.904,0.857,0.874,0.868,0.879,0.518,0.561,0.563,0.634,0.715,0.696,0.713,0.738,0.645,0.667,0.673,0.695,0.47,0.485,0.513,0.537,0.612,0.615,0.601,0.633,0.518,0.521,0.522,0.53,0.547,0.563,0.551,0.591,0.475,0.503,0.51,0.519,0.417,0.44,0.452,0.474,0.449,0.421,0.427,0.462,0.42,0.432,0.442,0.463,0.271,0.316,0.308,0.347,0.161,0.209,0.204,0.279,0.338,0.35,0.337,0.363
30:14:25,0.852,0.891,0.888,0.914,0.838,0.882,0.877,0.896,0.856,0.875,0.869,0.877,0.498,0.544,0.546,0.629,0.716,0.694,0.71,0.737,0.647,0.669,0.675,0.699,0.455,0.468,0.496,0.522,0.608,0.611,0.598,0.631,0.514,0.517,0.518,0.527,0.548,0.565,0.551,0.593,0.47,0.498,0.506,0.516,0.419,0.445,0.455,0.479,0.455,0.429,0.435,0.469,0.42,0.433,0.443,0.462,0.274,0.322,0.308,0.349,0.165,0.215,0.21,0.29,0.34,0.353,0.338,0.364
30:44:25,0.847,0.886,0.882,0.907,0.834,0.878,0.874,0.889,0.853,0.869,0.869,0.875,0.472,0.52,0.525,0.621,0.714,0.687,0.702,0.729,0.642,0.665,0.671,0.694,0.438,0.448,0.477,0.505,0.601,0.603,0.591,0.626,0.51,0.51,0.511,0.52,0.548,0.564,0.548,0.587,0.464,0.492,0.5,0.509,0.419,0.442,0.454,0.478,0.46,0.433,0.44,0.473,0.418,0.431,0.439,0.457,0.278,0.322,0.312,0.351,0.169,0.22,0.215,0.298,0.341,0.351,0.337,0.363
31:14:24,0.841,0.878,0.877,0.899,0.83,0.874,0.865,0.88,0.85,0.863,0.861,0.873,0.446,0.495,0.502,0.61,0.711,0.68,0.694,0.722,0.639,0.662,0.668,0.691,0.418,0.425,0.454,0.483,0.592,0.595,0.583,0.619,0.501,0.501,0.503,0.511,0.543,0.56,0.543,0.578,0.457,0.484,0.494,0.503,0.419,0.442,0.453,0.477,0.461,0.435,0.443,0.475,0.414,0.426,0.433,0.449,0.278,0.321,0.312,0.35,0.172,0.226,0.219,0.304,0.339,0.349,0.335,0.362
31:44:24,0.836,0.871,0.868,0.897,0.826,0.871,0.864,0.875,0.851,0.86,0.859,0.875,0.424,0.473,0.481,0.602,0.71,0.676,0.689,0.717,0.639,0.662,0.669,0.691,0.401,0.406,0.435,0.464,0.587,0.59,0.579,0.617,0.497,0.494,0.496,0.505,0.544,0.559,0.541,0.573,0.452,0.479,0.489,0.499,0.422,0.443,0.455,0.478,0.466,0.44,0.449,0.481,0.413,0.425,0.431,0.447,0.283,0.324,0.316,0.352,0.174,0.233,0.227,0.315,0.339,0.349,0.336,0.362
32:14:24,0.831,0.867,0.864,0.89,0.824,0.869,0.861,0.873,0.852,0.862,0.858,0.873,0.403,0.452,0.46,0.593,0.711,0.67,0.681,0.71,0.638,0.661,0.668,0.692,0.382,0.384,0.412,0.442,0.58,0.583,0.572,0.611,0.49,0.488,0.49,0.499,0.541,0.557,0.537,0.564,0.446,0.474,0.484,0.494,0.425,0.447,0.459,0.481,0.469,0.443,0.453,0.486,0.41,0.422,0.426,0.442,0.29,0.329,0.32,0.359,0.177,0.239,0.233,0.325,0.34,0.349,0.334,0.361
32:44:24,0.826,0.86,0.856,0.879,0.821,0.867,0.858,0.866,0.845,0.86,0.854,0.867,0.382,0.428,0.437,0.579,0.708,0.662,0.671,0.702,0.636,0.659,0.665,0.689,0.364,0.365,0.391,0.421,0.573,0.576,0.565,0.606,0.484,0.479,0.481,0.49,0.538,0.552,0.531,0.55,0.44,0.467,0.477,0.488,0.426,0.447,0.46,0.482,0.47,0.444,0.456,0.487,0.405,0.415,0.42,0.435,0.292,0.332,0.322,0.359,0.181,0.246,0.239,0.333,0.335,0.343,0.33,0.355
33:14:24,0.819,0.852,0.848,0.872,0.818,0.863,0.854,0.86,0.841,0.856,0.854,0.864,0.365,0.408,0.418,0.564,0.705,0.654,0.662,0.692,0.634,0.657,0.663,0.688,0.346,0.345,0.37,0.399,0.564,0.569,0.559,0.6,0.477,0.472,0.472,0.483,0.534,0.548,0.526,0.538,0.434,0.461,0.471,0.482,0.424,0.446,0.457,0.48,0.469,0.443,0.455,0.486,0.399,0.41,0.415,0.428,0.292,0.329,0.321,0.36,0.183,0.251,0.244,0.34,0.331,0.338,0.324,0.35
33:44:24,0.812,0.846,0.843,0.867,0.817,0.862,0.852,0.857,0.839,0.852,0.849,0.858,0.347,0.388,0.398,0.546,0.701,0.645,0.65,0.681,0.63,0.653,0.66,0.685,0.328,0.326,0.349,0.377,0.556,0.56,0.551,0.593,0.468,0.461,0.463,0.472,0.526,0.539,0.513,0.521,0.426,0.453,0.463,0.475,0.422,0.443,0.455,0.474,0.465,0.441,0.454,0.484,0.392,0.403,0.408,0.421,0.289,0.328,0.319,0.357,0.185,0.257,0.248,0.346,0.325,0.33,0.318,0.344
34:14:24,0.807,0.841,0.837,0.86,0.815,0.86,0.85,0.852,0.837,0.849,0.851,0.857,0.335,0.372,0.382,0.532,0.698,0.637,0.641,0.672,0.628,0.652,0.66,0.684,0.313,0.311,0.332,0.358,0.549,0.553,0.544,0.587,0.464,0.455,0.457,0.467,0.521,0.534,0.503,0.506,0.42,0.447,0.458,0.469,0.422,0.441,0.453,0.468,0.464,0.44,0.453,0.484,0.387,0.397,0.402,0.416,0.29,0.326,0.318,0.357,0.193,0.263,0.254,0.353,0.319,0.325,0.313,0.34
34:44:24,0.803,0.837,0.832,0.856,0.815,0.859,0.848,0.85,0.835,0.846,0.848,0.855,0.325,0.359,0.368,0.515,0.697,0.629,0.632,0.663,0.628,0.652,0.659,0.683,0.3,0.298,0.318,0.341,0.542,0.547,0.539,0.583,0.457,0.449,0.45,0.46,0.513,0.524,0.492,0.488,0.414,0.442,0.453,0.465,0.418,0.44,0.452,0.463,0.461,0.438,0.452,0.482,0.382,0.393,0.397,0.41,0.289,0.326,0.319,0.356,0.197,0.268,0.26,0.359,0.315,0.32,0.307,0.334
35:14:24,0.797,0.831,0.827,0.849,0.811,0.855,0.845,0.845,0.833,0.839,0.844,0.852,0.315,0.346,0.354,0.496,0.693,0.619,0.619,0.65,0.624,0.647,0.654,0.679,0.287,0.286,0.303,0.325,0.534,0.538,0.531,0.576,0.452,0.442,0.443,0.453,0.503,0.512,0.475,0.468,0.408,0.436,0.446,0.458,0.417,0.439,0.447,0.455,0.457,0.434,0.449,0.478,0.375,0.386,0.39,0.404,0.288,0.325,0.317,0.358,0.194,0.272,0.264,0.363,0.308,0.312,0.3,0.327
35:44:24,0.794,0.83,0.824,0.845,0.811,0.856,0.846,0.843,0.834,0.838,0.842,0.852,0.309,0.337,0.346,0.484,0.693,0.617,0.616,0.647,0.627,0.65,0.657,0.682,0.279,0.278,0.294,0.313,0.53,0.533,0.527,0.575,0.45,0.443,0.442,0.454,0.494,0.5,0.461,0.448,0.405,0.431,0.443,0.455,0.418,0.436,0.443,0.452,0.455,0.436,0.452,0.481,0.376,0.384,0.39,0.401,0.291,0.327,0.318,0.359,0.205,0.28,0.272,0.371,0.306,0.313,0.301,0.328
36:14:24,0.79,0.826,0.821,0.841,0.81,0.855,0.845,0.841,0.833,0.836,0.84,0.856,0.304,0.331,0.339,0.47,0.692,0.612,0.609,0.639,0.629,0.651,0.66,0.685,0.272,0.271,0.285,0.302,0.524,0.528,0.523,0.571,0.448,0.441,0.44,0.452,0.48,0.486,0.446,0.427,0.401,0.428,0.439,0.451,0.421,0.436,0.444,0.448,0.454,0.435,0.451,0.481,0.372,0.381,0.385,0.398,0.296,0.33,0.326,0.364,0.206,0.287,0.279,0.377,0.303,0.311,0.298,0.327
36:44:24,0.786,0.824,0.817,0.837,0.808,0.852,0.841,0.836,0.83,0.83,0.834,0.852,0.295,0.32,0.327,0.448,0.686,0.597,0.593,0.622,0.621,0.645,0.652,0.677,0.262,0.263,0.276,0.29,0.516,0.52,0.515,0.563,0.441,0.429,0.429,0.44,0.461,0.465,0.419,0.398,0.395,0.422,0.433,0.445,0.419,0.43,0.434,0.437,0.447,0.427,0.444,0.471,0.364,0.373,0.377,0.39,0.296,0.331,0.324,0.365,0.209,0.292,0.282,0.378,0.294,0.297,0.284,0.313
37:14:24,0.782,0.821,0.814,0.835,0.806,0.852,0.84,0.834,0.827,0.826,0.832,0.853,0.29,0.315,0.322,0.435,0.683,0.591,0.586,0.614,0.622,0.645,0.652,0.678,0.256,0.257,0.269,0.282,0.511,0.515,0.51,0.559,0.438,0.426,0.425,0.436,0.444,0.445,0.396,0.374,0.392,0.418,0.429,0.442,0.416,0.425,0.43,0.434,0.442,0.423,0.441,0.468,0.362,0.37,0.375,0.388,0.301,0.33,0.326,0.365,0.217,0.298,0.289,0.382,0.291,0.294,0.281,0.311
37:44:24,0.781,0.819,0.812,0.831,0.805,0.851,0.841,0.832,0.83,0.826,0.832,0.856,0.285,0.309,0.316,0.421,0.683,0.585,0.58,0.606,0.622,0.645,0.654,0.678,0.251,0.254,0.263,0.275,0.504,0.509,0.505,0.554,0.436,0.423,0.423,0.434,0.422,0.422,0.372,0.352,0.387,0.414,0.425,0.437,0.416,0.424,0.424,0.43,0.437,0.418,0.436,0.464,0.358,0.366,0.371,0.383,0.309,0.336,0.33,0.371,0.219,0.305,0.294,0.385,0.286,0.289,0.277,0.307
38:14:24,0.778,0.817,0.81,0.829,0.804,0.849,0.838,0.829,0.823,0.819,0.825,0.85,0.277,0.299,0.307,0.405,0.676,0.575,0.568,0.594,0.617,0.641,0.648,0.673,0.244,0.246,0.256,0.267,0.496,0.5,0.497,0.548,0.431,0.419,0.418,0.428,0.398,0.397,0.344,0.329,0.382,0.409,0.42,0.431,0.412,0.417,0.416,0.424,0.431,0.412,0.431,0.458,0.354,0.36,0.365,0.377,0.308,0.337,0.332,0.371,0.225,0.308,0.297,0.385,0.28,0.283,0.271,0.301
38:44:24,0.776,0.815,0.807,0.827,0.798,0.849,0.837,0.827,0.824,0.819,0.826,0.853,0.274,0.295,0.303,0.395,0.674,0.57,0.562,0.587,0.618,0.641,0.65,0.676,0.24,0.241,0.251,0.262,0.49,0.494,0.492,0.544,0.428,0.416,0.414,0.426,0.373,0.371,0.322,0.311,0.378,0.404,0.416,0.428,0.407,0.412,0.41,0.421,0.425,0.407,0.426,0.453,0.352,0.358,0.362,0.374,0.316,0.342,0.335,0.377,0.231,0.312,0.3,0.386,0.276,0.281,0.267,0.299
39:14:24,0.773,0.813,0.804,0.824,0.801,0.847,0.835,0.825,0.822,0.815,0.823,0.849,0.269,0.29,0.297,0.383,0.67,0.564,0.555,0.58,0.617,0.64,0.648,0.674,0.235,0.238,0.247,0.257,0.484,0.488,0.486,0.539,0.426,0.413,0.411,0.422,0.348,0.346,0.301,0.295,0.374,0.4,0.412,0.424,0.404,0.406,0.405,0.416,0.419,0.4,0.42,0.447,0.348,0.353,0.358,0.37,0.319,0.344,0.339,0.379,0.234,0.316,0.304,0.387,0.273,0.278,0.264,0.298
39:44:24,0.773,0.812,0.804,0.823,0.802,0.848,0.835,0.824,0.818,0.811,0.818,0.845,0.266,0.285,0.291,0.373,0.666,0.557,0.549,0.572,0.615,0.638,0.647,0.672,0.232,0.234,0.243,0.252,0.479,0.483,0.482,0.534,0.422,0.41,0.407,0.418,0.323,0.321,0.282,0.28,0.372,0.397,0.409,0.42,0.398,0.4,0.398,0.412,0.413,0.394,0.415,0.441,0.345,0.35,0.355,0.367,0.321,0.344,0.338,0.379,0.239,0.319,0.307,0.387,0.269,0.274,0.261,0.294
40:14:24,0.77,0.81,0.801,0.815,0.8,0.846,0.834,0.822,0.816,0.808,0.815,0.844,0.263,0.281,0.287,0.365,0.663,0.552,0.543,0.565,0.614,0.637,0.646,0.672,0.228,0.231,0.24,0.248,0.473,0.477,0.476,0.53,0.42,0.407,0.404,0.415,0.301,0.301,0.268,0.269,0.368,0.393,0.405,0.416,0.392,0.394,0.391,0.408,0.407,0.386,0.408,0.432,0.341,0.347,0.351,0.364,0.322,0.344,0.337,0.377,0.238,0.321,0.309,0.386,0.267,0.272,0.259,0.292
40:44:24,0.768,0.808,0.8,0.817,0.799,0.845,0.833,0.82,0.816,0.806,0.814,0.843,0.259,0.276,0.282,0.356,0.658,0.546,0.536,0.558,0.613,0.637,0.645,0.671,0.224,0.228,0.235,0.243,0.465,0.47,0.47,0.525,0.418,0.405,0.401,0.412,0.281,0.281,0.252,0.258,0.363,0.388,0.399,0.41,0.388,0.391,0.387,0.405,0.397,0.376,0.399,0.421,0.338,0.343,0.347,0.36,0.326,0.349,0.346,0.383,0.244,0.323,0.309,0.385,0.264,0.27,0.257,0.291
41:14:24,0.767,0.807,0.798,0.817,0.799,0.845,0.832,0.818,0.815,0.803,0.812,0.842,0.256,0.272,0.279,0.35,0.655,0.541,0.531,0.552,0.612,0.635,0.643,0.67,0.22,0.224,0.232,0.24,0.46,0.464,0.465,0.52,0.415,0.402,0.398,0.41,0.265,0.265,0.241,0.25,0.358,0.384,0.395,0.408,0.383,0.385,0.383,0.402,0.388,0.365,0.389,0.409,0.334,0.34,0.344,0.356,0.332,0.353,0.349,0.382,0.248,0.323,0.311,0.385,0.263,0.269,0.256,0.29
41:44:24,0.767,0.808,0.799,0.815,0.799,0.845,0.832,0.818,0.811,0.799,0.808,0.84,0.253,0.268,0.275,0.342,0.65,0.535,0.524,0.543,0.609,0.633,0.642,0.668,0.219,0.223,0.23,0.236,0.454,0.459,0.46,0.516,0.414,0.4,0.396,0.407,0.25,0.251,0.23,0.24,0.355,0.38,0.392,0.403,0.379,0.38,0.379,0.4,0.379,0.353,0.378,0.396,0.33,0.335,0.339,0.351,0.334,0.352,0.349,0.379,0.245,0.324,0.311,0.382,0.261,0.267,0.253,0.286
42:14:25,0.766,0.806,0.797,0.814,0.799,0.844,0.831,0.816,0.807,0.794,0.802,0.836,0.249,0.264,0.27,0.336,0.644,0.528,0.517,0.536,0.607,0.629,0.638,0.665,0.215,0.219,0.226,0.232,0.447,0.451,0.453,0.509,0.41,0.396,0.393,0.403,0.237,0.238,0.222,0.233,0.351,0.376,0.386,0.398,0.374,0.375,0.372,0.396,0.368,0.338,0.364,0.381,0.327,0.331,0.335,0.347,0.332,0.346,0.348,0.372,0.25,0.323,0.31,0.378,0.258,0.265,0.252,0.287
42:44:25,0.763,0.804,0.795,0.812,0.797,0.843,0.83,0.814,0.809,0.796,0.804,0.837,0.248,0.263,0.269,0.333,0.642,0.524,0.514,0.533,0.607,0.63,0.639,0.666,0.214,0.218,0.225,0.231,0.442,0.447,0.45,0.506,0.409,0.395,0.391,0.402,0.229,0.231,0.217,0.229,0.347,0.372,0.383,0.395,0.37,0.371,0.37,0.395,0.355,0.323,0.349,0.364,0.324,0.328,0.333,0.345,0.336,0.346,0.346,0.372,0.248,0.324,0.31,0.377,0.258,0.265,0.252,0.287
43:14:25,0.763,0.804,0.795,0.811,0.797,0.844,0.83,0.814,0.805,0.792,0.8,0.836,0.247,0.261,0.268,0.33,0.637,0.52,0.509,0.529,0.606,0.629,0.639,0.665,0.212,0.216,0.223,0.229,0.437,0.442,0.446,0.502,0.407,0.393,0.391,0.4,0.221,0.224,0.212,0.225,0.344,0.369,0.38,0.392,0.367,0.367,0.368,0.393,0.344,0.308,0.334,0.347,0.322,0.327,0.332,0.343,0.335,0.343,0.345,0.368,0.251,0.326,0.311,0.376,0.259,0.266,0.252,0.288
43:44:25,0.761,0.802,0.793,0.809,0.795,0.842,0.828,0.811,0.801,0.789,0.795,0.831,0.243,0.256,0.263,0.323,0.631,0.516,0.503,0.522,0.603,0.627,0.637,0.663,0.21,0.214,0.221,0.226,0.431,0.435,0.44,0.498,0.406,0.391,0.387,0.397,0.214,0.217,0.207,0.22,0.341,0.364,0.376,0.388,0.36,0.362,0.363,0.389,0.329,0.292,0.317,0.328,0.319,0.322,0.328,0.34,0.331,0.337,0.341,0.363,0.251,0.323,0.309,0.372,0.258,0.265,0.253,0.287
44:14:25,0.761,0.802,0.793,0.809,0.795,0.842,0.829,0.811,0.797,0.784,0.792,0.828,0.239,0.252,0.259,0.317,0.627,0.508,0.498,0.514,0.6,0.623,0.634,0.659,0.206,0.211,0.217,0.222,0.424,0.429,0.433,0.492,0.401,0.387,0.382,0.392,0.205,0.209,0.198,0.212,0.334,0.358,0.369,0.38,0.352,0.355,0.356,0.384,0.312,0.273,0.296,0.306,0.311,0.315,0.319,0.332,0.325,0.33,0.333,0.355,0.248,0.318,0.304,0.364,0.255,0.261,0.249,0.283
44:44:25,0.759,0.801,0.792,0.808,0.794,0.841,0.827,0.808,0.799,0.787,0.794,0.83,0.24,0.252,0.259,0.317,0.624,0.507,0.496,0.512,0.601,0.625,0.635,0.662,0.208,0.213,0.218,0.223,0.421,0.426,0.431,0.49,0.403,0.388,0.384,0.394,0.204,0.207,0.199,0.213,0.334,0.357,0.368,0.379,0.352,0.356,0.358,0.385,0.301,0.261,0.282,0.291,0.311,0.316,0.321,0.334,0.329,0.335,0.338,0.359,0.253,0.321,0.306,0.364,0.258,0.265,0.253,0.287
45:14:24,0.758,0.801,0.792,0.807,0.794,0.841,0.827,0.808,0.795,0.783,0.789,0.826,0.236,0.249,0.256,0.313,0.619,0.501,0.491,0.507,0.599,0.622,0.632,0.659,0.205,0.21,0.215,0.22,0.414,0.419,0.426,0.484,0.399,0.384,0.38,0.39,0.198,0.201,0.194,0.207,0.329,0.351,0.363,0.373,0.346,0.351,0.353,0.382,0.286,0.244,0.264,0.271,0.309,0.312,0.317,0.33,0.324,0.329,0.333,0.354,0.252,0.318,0.303,0.357,0.256,0.263,0.251,0.285
45:44:24,0.76,0.803,0.793,0.808,0.795,0.842,0.828,0.808,0.793,0.781,0.787,0.824,0.235,0.247,0.254,0.31,0.615,0.498,0.486,0.502,0.597,0.62,0.63,0.658,0.205,0.209,0.215,0.22,0.41,0.415,0.422,0.481,0.399,0.383,0.379,0.389,0.196,0.198,0.191,0.205,0.326,0.348,0.36,0.371,0.344,0.349,0.352,0.381,0.273,0.232,0.249,0.257,0.303,0.308,0.313,0.325,0.322,0.327,0.329,0.349,0.252,0.317,0.302,0.353,0.257,0.264,0.252,0.285
46:14:24,0.759,0.802,0.793,0.808,0.794,0.841,0.827,0.806,0.794,0.781,0.787,0.825,0.234,0.246,0.253,0.309,0.612,0.495,0.483,0.498,0.596,0.619,0.629,0.656,0.203,0.209,0.214,0.218,0.405,0.41,0.417,0.478,0.398,0.382,0.378,0.388,0.192,0.196,0.19,0.204,0.323,0.345,0.356,0.367,0.342,0.348,0.352,0.38,0.261,0.221,0.236,0.243,0.3,0.305,0.31,0.322,0.328,0.333,0.332,0.351,0.253,0.316,0.3,0.349,0.258,0.265,0.252,0.284
46:44:24,0.759,0.802,0.792,0.808,0.794,0.841,0.826,0.805,0.793,0.781,0.787,0.824,0.233,0.244,0.252,0.307,0.608,0.491,0.48,0.494,0.594,0.618,0.627,0.655,0.203,0.208,0.214,0.218,0.402,0.406,0.414,0.474,0.397,0.381,0.376,0.387,0.189,0.193,0.188,0.202,0.32,0.342,0.353,0.364,0.341,0.346,0.35,0.379,0.249,0.212,0.225,0.232,0.298,0.303,0.307,0.32,0.328,0.333,0.333,0.355,0.253,0.314,0.298,0.344,0.259,0.265,0.253,0.284
47:14:24,0.757,0.801,0.791,0.806,0.792,0.838,0.824,0.802,0.788,0.777,0.783,0.82,0.23,0.241,0.248,0.303,0.602,0.486,0.475,0.488,0.59,0.614,0.624,0.652,0.201,0.206,0.211,0.215,0.396,0.401,0.409,0.469,0.394,0.377,0.373,0.383,0.186,0.19,0.185,0.198,0.315,0.336,0.347,0.358,0.336,0.342,0.346,0.376,0.238,0.203,0.214,0.221,0.294,0.298,0.302,0.315,0.324,0.33,0.327,0.35,0.252,0.31,0.294,0.337,0.257,0.263,0.252,0.282
47:44:24,0.759,0.802,0.793,0.808,0.793,0.84,0.826,0.803,0.79,0.779,0.785,0.824,0.231,0.242,0.249,0.304,0.599,0.484,0.472,0.486,0.59,0.614,0.625,0.653,0.202,0.207,0.212,0.216,0.393,0.398,0.406,0.466,0.394,0.378,0.373,0.382,0.185,0.19,0.184,0.198,0.314,0.334,0.345,0.356,0.337,0.342,0.347,0.376,0.229,0.197,0.206,0.214,0.291,0.297,0.301,0.313,0.325,0.333,0.327,0.351,0.253,0.308,0.292,0.334,0.26,0.265,0.255,0.283
48:14:24,0.759,0.803,0.792,0.808,0.792,0.84,0.825,0.802,0.787,0.775,0.781,0.819,0.229,0.24,0.248,0.301,0.595,0.479,0.467,0.481,0.587,0.611,0.621,0.65,0.2,0.205,0.21,0.214,0.387,0.392,0.4,0.461,0.391,0.374,0.369,0.379,0.181,0.186,0.181,0.194,0.308,0.328,0.339,0.351,0.333,0.338,0.343,0.373,0.218,0.19,0.197,0.206,0.287,0.292,0.296,0.309,0.322,0.327,0.325,0.347,0.25,0.303,0.287,0.328,0.259,0.264,0.252,0.281
48:44:24,0.762,0.805,0.793,0.807,0.784,0.827,0.813,0.793,0.776,0.765,0.77,0.806,0.232,0.242,0.251,0.304,0.591,0.473,0.463,0.477,0.581,0.603,0.613,0.642,0.2,0.205,0.21,0.214,0.38,0.386,0.395,0.457,0.386,0.371,0.365,0.377,0.182,0.187,0.182,0.196,0.31,0.328,0.339,0.35,0.332,0.338,0.343,0.371,0.212,0.186,0.192,0.201,0.289,0.295,0.299,0.312,0.322,0.328,0.325,0.346,0.25,0.299,0.284,0.328,0.263,0.268,0.256,0.285