Time,Blank,TetR_0,TetR_0,TetR_0,TetR_0,TetR_0,TetR_0,TetR_0,TetR_0,TetR_0,Blank,TetR_20,TetR_20,TetR_20,TetR_20,TetR_20,TetR_20,TetR_20,TetR_20,TetR_20,Blank,TetR_25,TetR_25,TetR_25,TetR_25,TetR_25,TetR_25,TetR_25,TetR_25,TetR_25,Blank,TetR_30,TetR_30,TetR_30,TetR_30,TetR_30,TetR_30,TetR_30,TetR_30,TetR_30,Blank,TetR_35,TetR_35,TetR_35,TetR_35,TetR_35,TetR_35,TetR_35,TetR_35,TetR_35,Blank,TetR_40,TetR_40,TetR_40,TetR_40,TetR_40,TetR_40,TetR_40,TetR_40,TetR_40,Blank,TetR_45,TetR_45,TetR_45,TetR_45,TetR_45,TetR_45,TetR_45,TetR_45,TetR_45,Blank,TetR_50,TetR_50,TetR_50,TetR_50,TetR_50,TetR_50,TetR_50,TetR_50,TetR_50,Blank,TetR_60,TetR_60,TetR_60,TetR_60,TetR_60,TetR_60,TetR_60,TetR_60,TetR_60,Blank,Blank,Blank,Blank,Blank,Blank,Blank,Blank,Blank,Blank,Blank,TetRarcA_0,TetRarcA_0,TetRarcA_0,TetRarcA_0,TetRarcA_0,TetRarcA_0,TetRarcA_0,TetRarcA_0,TetRarcA_0,Blank,TetRarcA_5,TetRarcA_5,TetRarcA_5,TetRarcA_5,TetRarcA_5,TetRarcA_5,TetRarcA_5,TetRarcA_5,TetRarcA_5,Blank,TetRarcA_10,TetRarcA_10,TetRarcA_10,TetRarcA_10,TetRarcA_10,TetRarcA_10,TetRarcA_10,TetRarcA_10,TetRarcA_10,Blank,TetRarcA_12.5,TetRarcA_12.5,TetRarcA_12.5,TetRarcA_12.5,TetRarcA_12.5,TetRarcA_12.5,TetRarcA_12.5,TetRarcA_12.5,TetRarcA_12.5,Blank,TetRarcA_15,TetRarcA_15,TetRarcA_15,TetRarcA_15,TetRarcA_15,TetRarcA_15,TetRarcA_15,TetRarcA_15,TetRarcA_15,Blank,TetRarcA_17.5,TetRarcA_17.5,TetRarcA_17.5,TetRarcA_17.5,TetRarcA_17.5,TetRarcA_17.5,TetRarcA_17.5,TetRarcA_17.5,TetRarcA_17.5,Blank,TetRarcA_20,TetRarcA_20,TetRarcA_20,TetRarcA_20,TetRarcA_20,TetRarcA_20,TetRarcA_20,TetRarcA_20,TetRarcA_20,Blank,TetRarcA_25,TetRarcA_25,TetRarcA_25,TetRarcA_25,TetRarcA_25,TetRarcA_25,TetRarcA_25,TetRarcA_25,TetRarcA_25,Blank,TetRarcA_30,TetRarcA_30,TetRarcA_30,TetRarcA_30,TetRarcA_30,TetRarcA_30,TetRarcA_30,TetRarcA_30,TetRarcA_30,Blank,Blank,Blank,Blank,Blank,Blank,Blank,Blank,Blank,Blank
0:00:05,0.173,0.116,0.109,0.106,0.108,0.112,0.104,0.113,0.11,0.119,0.107,0.114,0.145,0.134,0.158,0.13,0.134,0.134,0.11,0.098,0.145,0.123,0.113,0.111,0.105,0.1,0.105,0.122,0.118,0.12,0.13,0.116,0.137,0.137,0.169,0.137,0.145,0.146,0.113,0.116,0.159,0.115,0.109,0.103,0.101,0.097,0.103,0.104,0.097,0.105,0.115,0.113,0.142,0.136,0.157,0.141,0.144,0.138,0.109,0.106,0.124,0.105,0.1,0.103,0.099,0.094,0.095,0.094,0.091,0.095,0.11,0.109,0.136,0.145,0.152,0.144,0.141,0.142,0.106,0.1,0.131,0.108,0.098,0.105,0.099,0.096,0.096,0.098,0.093,0.099,0.132,0.109,0.147,0.136,0.162,0.147,0.155,0.15,0.121,0.127,0.162,0.124,0.111,0.102,0.107,0.103,0.104,0.118,0.115,0.123,0.109,0.114,0.125,0.127,0.159,0.131,0.126,0.139,0.12,0.105,0.154,0.113,0.097,0.102,0.095,0.091,0.103,0.102,0.1,0.103,0.112,0.104,0.126,0.121,0.136,0.123,0.129,0.137,0.107,0.103,0.112,0.102,0.093,0.094,0.093,0.093,0.099,0.101,0.096,0.094,0.106,0.104,0.121,0.118,0.14,0.13,0.137,0.136,0.108,0.103,0.124,0.108,0.098,0.097,0.095,0.093,0.1,0.101,0.097,0.101,0.106,0.11,0.124,0.125,0.135,0.127,0.135,0.126,0.112,0.108,0.125,0.103,0.095,0.093,0.094,0.093,0.096,0.099,0.096,0.101,0.108,0.099,0.116,0.105,0.121,0.132,0.13,0.133,0.108,0.104
0:14:13,0.081,0.083,0.085,0.088,0.088,0.086,0.084,0.088,0.087,0.086,0.081,0.087,0.087,0.089,0.084,0.084,0.085,0.083,0.085,0.085,0.082,0.089,0.087,0.091,0.087,0.086,0.085,0.087,0.087,0.088,0.083,0.085,0.085,0.086,0.085,0.084,0.084,0.083,0.084,0.089,0.082,0.085,0.085,0.087,0.089,0.088,0.085,0.087,0.087,0.085,0.082,0.085,0.087,0.09,0.085,0.084,0.083,0.084,0.085,0.09,0.085,0.089,0.088,0.091,0.093,0.089,0.085,0.086,0.088,0.087,0.081,0.085,0.088,0.094,0.088,0.084,0.083,0.084,0.084,0.088,0.081,0.087,0.087,0.093,0.093,0.088,0.085,0.087,0.088,0.087,0.081,0.082,0.085,0.093,0.083,0.081,0.083,0.08,0.081,0.082,0.082,0.089,0.093,0.091,0.092,0.094,0.091,0.094,0.097,0.095,0.083,0.087,0.086,0.085,0.086,0.086,0.086,0.087,0.085,0.092,0.084,0.087,0.088,0.095,0.09,0.088,0.086,0.087,0.088,0.086,0.082,0.09,0.096,0.088,0.084,0.086,0.084,0.084,0.085,0.087,0.085,0.088,0.088,0.087,0.09,0.089,0.09,0.095,0.096,0.088,0.087,0.092,0.09,0.089,0.088,0.091,0.087,0.088,0.089,0.088,0.088,0.089,0.089,0.09,0.089,0.088,0.087,0.089,0.09,0.09,0.084,0.089,0.085,0.085,0.085,0.086,0.085,0.083,0.086,0.087,0.082,0.088,0.088,0.088,0.091,0.088,0.087,0.09,0.091,0.088,0.081,0.083,0.083,0.083,0.08,0.081,0.081,0.083,0.081,0.085
0:44:11,0.08,0.087,0.088,0.091,0.092,0.089,0.088,0.09,0.09,0.089,0.081,0.088,0.087,0.09,0.084,0.084,0.086,0.083,0.085,0.086,0.083,0.089,0.087,0.091,0.087,0.086,0.085,0.086,0.088,0.088,0.082,0.084,0.084,0.085,0.084,0.083,0.083,0.082,0.084,0.089,0.082,0.084,0.085,0.087,0.088,0.086,0.084,0.086,0.086,0.085,0.08,0.084,0.086,0.089,0.083,0.082,0.081,0.082,0.084,0.09,0.085,0.088,0.088,0.09,0.093,0.087,0.085,0.085,0.087,0.086,0.081,0.085,0.088,0.094,0.087,0.084,0.083,0.084,0.084,0.088,0.081,0.086,0.087,0.093,0.094,0.087,0.084,0.086,0.088,0.088,0.079,0.081,0.084,0.092,0.082,0.081,0.081,0.08,0.08,0.082,0.081,0.096,0.1,0.098,0.096,0.098,0.094,0.097,0.101,0.099,0.081,0.089,0.09,0.088,0.089,0.087,0.088,0.089,0.088,0.096,0.083,0.088,0.09,0.097,0.094,0.09,0.089,0.089,0.091,0.09,0.081,0.09,0.095,0.089,0.085,0.087,0.085,0.085,0.086,0.089,0.085,0.088,0.088,0.087,0.091,0.089,0.09,0.095,0.097,0.089,0.086,0.091,0.089,0.087,0.086,0.09,0.086,0.087,0.088,0.088,0.087,0.087,0.089,0.089,0.09,0.088,0.087,0.09,0.091,0.092,0.083,0.087,0.084,0.084,0.085,0.085,0.083,0.082,0.085,0.087,0.081,0.087,0.087,0.088,0.091,0.087,0.087,0.089,0.091,0.088,0.08,0.083,0.082,0.082,0.08,0.08,0.081,0.082,0.082,0.087
1:14:11,0.08,0.091,0.092,0.095,0.096,0.093,0.092,0.094,0.093,0.092,0.081,0.087,0.087,0.09,0.084,0.084,0.086,0.082,0.085,0.085,0.082,0.089,0.086,0.092,0.085,0.085,0.084,0.086,0.087,0.088,0.082,0.084,0.084,0.084,0.084,0.083,0.083,0.082,0.083,0.089,0.082,0.082,0.082,0.085,0.086,0.085,0.084,0.085,0.086,0.085,0.08,0.083,0.086,0.088,0.083,0.082,0.082,0.083,0.084,0.09,0.084,0.085,0.085,0.087,0.089,0.085,0.083,0.084,0.086,0.085,0.079,0.083,0.086,0.093,0.087,0.083,0.083,0.084,0.083,0.087,0.08,0.084,0.084,0.09,0.09,0.085,0.083,0.085,0.086,0.086,0.079,0.08,0.083,0.092,0.083,0.081,0.082,0.081,0.081,0.082,0.08,0.1,0.104,0.102,0.098,0.101,0.099,0.101,0.104,0.101,0.08,0.091,0.091,0.091,0.091,0.091,0.092,0.092,0.092,0.098,0.081,0.088,0.089,0.096,0.091,0.089,0.089,0.089,0.089,0.089,0.079,0.089,0.094,0.088,0.085,0.086,0.085,0.086,0.087,0.088,0.083,0.086,0.085,0.085,0.087,0.087,0.088,0.093,0.095,0.088,0.084,0.088,0.086,0.085,0.085,0.088,0.085,0.086,0.087,0.087,0.085,0.083,0.084,0.084,0.084,0.084,0.083,0.086,0.087,0.088,0.079,0.084,0.08,0.081,0.082,0.082,0.08,0.08,0.082,0.084,0.078,0.083,0.082,0.082,0.084,0.082,0.082,0.084,0.085,0.084,0.078,0.08,0.08,0.08,0.078,0.078,0.079,0.081,0.08,0.083
1:44:11,0.079,0.098,0.099,0.102,0.104,0.101,0.098,0.098,0.098,0.098,0.078,0.084,0.084,0.087,0.081,0.081,0.083,0.08,0.082,0.083,0.078,0.084,0.084,0.09,0.083,0.082,0.081,0.082,0.084,0.085,0.078,0.08,0.08,0.081,0.079,0.079,0.078,0.078,0.08,0.086,0.076,0.079,0.08,0.083,0.085,0.083,0.081,0.082,0.084,0.082,0.076,0.079,0.082,0.084,0.079,0.078,0.077,0.078,0.08,0.088,0.08,0.083,0.084,0.086,0.09,0.084,0.082,0.082,0.085,0.084,0.078,0.082,0.085,0.091,0.084,0.081,0.08,0.081,0.081,0.086,0.079,0.083,0.083,0.089,0.09,0.084,0.081,0.083,0.084,0.084,0.076,0.078,0.081,0.089,0.08,0.078,0.079,0.078,0.078,0.08,0.079,0.112,0.116,0.114,0.105,0.107,0.104,0.106,0.11,0.108,0.079,0.097,0.097,0.096,0.094,0.092,0.093,0.093,0.093,0.101,0.08,0.09,0.092,0.099,0.095,0.091,0.091,0.09,0.091,0.09,0.078,0.09,0.095,0.089,0.085,0.086,0.084,0.084,0.086,0.089,0.082,0.086,0.087,0.086,0.089,0.088,0.089,0.094,0.095,0.088,0.084,0.089,0.087,0.086,0.085,0.088,0.085,0.086,0.087,0.087,0.086,0.084,0.085,0.085,0.086,0.085,0.084,0.086,0.087,0.089,0.081,0.085,0.081,0.081,0.083,0.083,0.081,0.079,0.083,0.085,0.079,0.084,0.084,0.084,0.088,0.084,0.084,0.086,0.089,0.086,0.079,0.081,0.081,0.08,0.079,0.079,0.079,0.08,0.08,0.085
2:14:11,0.08,0.124,0.126,0.128,0.132,0.128,0.126,0.121,0.122,0.12,0.08,0.087,0.087,0.09,0.084,0.084,0.085,0.082,0.085,0.086,0.082,0.088,0.086,0.09,0.086,0.085,0.084,0.086,0.087,0.088,0.082,0.083,0.084,0.084,0.083,0.082,0.082,0.082,0.083,0.089,0.082,0.083,0.084,0.086,0.088,0.086,0.084,0.086,0.087,0.086,0.081,0.084,0.087,0.089,0.084,0.083,0.082,0.083,0.084,0.091,0.086,0.088,0.088,0.09,0.093,0.088,0.085,0.086,0.088,0.088,0.082,0.085,0.088,0.094,0.088,0.085,0.084,0.084,0.084,0.09,0.082,0.086,0.086,0.093,0.094,0.087,0.084,0.086,0.088,0.088,0.081,0.082,0.085,0.093,0.084,0.082,0.084,0.082,0.082,0.084,0.082,0.134,0.139,0.137,0.121,0.125,0.12,0.121,0.125,0.123,0.083,0.111,0.11,0.109,0.105,0.105,0.104,0.103,0.103,0.111,0.085,0.097,0.099,0.107,0.102,0.099,0.098,0.097,0.099,0.099,0.083,0.096,0.101,0.095,0.091,0.092,0.091,0.09,0.092,0.095,0.086,0.09,0.09,0.088,0.091,0.09,0.091,0.095,0.097,0.09,0.086,0.09,0.088,0.087,0.087,0.09,0.086,0.088,0.089,0.089,0.086,0.085,0.086,0.086,0.087,0.086,0.085,0.088,0.089,0.09,0.082,0.086,0.082,0.082,0.084,0.084,0.082,0.082,0.084,0.087,0.081,0.084,0.084,0.085,0.089,0.086,0.085,0.088,0.091,0.088,0.08,0.082,0.081,0.081,0.08,0.08,0.081,0.083,0.082,0.086
2:44:11,0.079,0.17,0.172,0.172,0.179,0.176,0.171,0.156,0.156,0.152,0.082,0.088,0.088,0.09,0.085,0.084,0.086,0.082,0.086,0.086,0.083,0.089,0.086,0.09,0.085,0.085,0.084,0.086,0.086,0.087,0.083,0.084,0.084,0.085,0.084,0.083,0.083,0.082,0.083,0.088,0.083,0.084,0.084,0.086,0.087,0.086,0.084,0.086,0.086,0.085,0.082,0.085,0.087,0.089,0.084,0.083,0.083,0.084,0.085,0.09,0.085,0.087,0.086,0.088,0.09,0.086,0.084,0.084,0.086,0.086,0.081,0.084,0.087,0.092,0.087,0.084,0.083,0.084,0.084,0.088,0.082,0.085,0.084,0.091,0.091,0.086,0.083,0.085,0.086,0.086,0.079,0.08,0.083,0.092,0.083,0.081,0.082,0.081,0.081,0.084,0.079,0.164,0.169,0.164,0.135,0.141,0.135,0.134,0.138,0.135,0.079,0.122,0.122,0.122,0.114,0.112,0.114,0.112,0.109,0.116,0.081,0.099,0.099,0.107,0.1,0.098,0.098,0.096,0.097,0.098,0.079,0.093,0.098,0.093,0.089,0.091,0.089,0.089,0.091,0.092,0.082,0.087,0.085,0.086,0.088,0.088,0.09,0.094,0.095,0.088,0.083,0.087,0.085,0.084,0.084,0.087,0.084,0.085,0.086,0.086,0.084,0.083,0.083,0.083,0.083,0.085,0.082,0.084,0.084,0.085,0.079,0.083,0.079,0.079,0.081,0.081,0.078,0.078,0.08,0.08,0.075,0.08,0.081,0.081,0.084,0.081,0.08,0.082,0.084,0.082,0.075,0.078,0.077,0.077,0.074,0.075,0.075,0.077,0.076,0.08
3:14:07,0.08,0.252,0.258,0.256,0.265,0.261,0.255,0.223,0.223,0.217,0.081,0.088,0.088,0.091,0.084,0.084,0.086,0.083,0.084,0.085,0.083,0.089,0.085,0.09,0.085,0.085,0.084,0.086,0.087,0.088,0.083,0.084,0.084,0.085,0.084,0.084,0.083,0.083,0.084,0.088,0.082,0.082,0.082,0.085,0.086,0.086,0.084,0.086,0.087,0.085,0.081,0.084,0.086,0.089,0.084,0.083,0.082,0.083,0.084,0.09,0.085,0.086,0.085,0.088,0.091,0.087,0.084,0.085,0.086,0.086,0.081,0.084,0.087,0.092,0.087,0.084,0.083,0.084,0.084,0.088,0.08,0.085,0.084,0.091,0.091,0.085,0.083,0.085,0.086,0.086,0.079,0.081,0.084,0.092,0.083,0.081,0.083,0.081,0.082,0.082,0.08,0.217,0.223,0.216,0.164,0.175,0.166,0.162,0.165,0.163,0.08,0.147,0.147,0.147,0.131,0.128,0.132,0.125,0.124,0.131,0.082,0.105,0.105,0.115,0.105,0.103,0.103,0.099,0.101,0.102,0.079,0.096,0.101,0.097,0.091,0.093,0.092,0.091,0.092,0.093,0.083,0.088,0.087,0.087,0.089,0.089,0.09,0.095,0.095,0.088,0.085,0.089,0.087,0.086,0.086,0.088,0.085,0.087,0.087,0.086,0.086,0.084,0.084,0.084,0.084,0.083,0.083,0.085,0.084,0.085,0.08,0.083,0.079,0.079,0.081,0.081,0.079,0.079,0.08,0.081,0.076,0.082,0.081,0.082,0.084,0.082,0.081,0.083,0.084,0.082,0.077,0.081,0.08,0.079,0.077,0.077,0.077,0.079,0.077,0.08
3:44:07,0.079,0.395,0.403,0.399,0.409,0.407,0.397,0.331,0.328,0.317,0.076,0.083,0.082,0.086,0.079,0.079,0.081,0.078,0.081,0.081,0.077,0.084,0.082,0.086,0.081,0.081,0.079,0.081,0.082,0.083,0.077,0.079,0.078,0.079,0.077,0.077,0.077,0.076,0.079,0.084,0.076,0.078,0.079,0.082,0.083,0.083,0.079,0.082,0.083,0.081,0.076,0.079,0.081,0.083,0.079,0.078,0.077,0.078,0.079,0.086,0.081,0.083,0.083,0.086,0.089,0.085,0.081,0.083,0.084,0.084,0.079,0.082,0.085,0.09,0.085,0.081,0.081,0.081,0.081,0.086,0.079,0.083,0.082,0.089,0.089,0.083,0.081,0.083,0.084,0.084,0.078,0.079,0.082,0.09,0.081,0.079,0.081,0.08,0.079,0.081,0.079,0.297,0.306,0.296,0.21,0.226,0.214,0.204,0.208,0.203,0.079,0.183,0.183,0.184,0.154,0.151,0.155,0.144,0.14,0.151,0.08,0.111,0.111,0.122,0.108,0.106,0.108,0.102,0.104,0.105,0.078,0.097,0.102,0.098,0.091,0.092,0.092,0.091,0.092,0.093,0.082,0.087,0.086,0.086,0.088,0.088,0.09,0.094,0.095,0.088,0.082,0.086,0.084,0.083,0.084,0.086,0.083,0.085,0.086,0.086,0.083,0.081,0.081,0.082,0.081,0.081,0.081,0.083,0.084,0.085,0.079,0.082,0.078,0.078,0.08,0.08,0.079,0.078,0.08,0.081,0.077,0.081,0.08,0.08,0.083,0.081,0.081,0.083,0.083,0.081,0.076,0.08,0.079,0.078,0.076,0.076,0.077,0.079,0.076,0.078
4:14:07,0.08,0.563,0.572,0.562,0.58,0.58,0.566,0.518,0.519,0.501,0.078,0.084,0.084,0.087,0.081,0.081,0.083,0.081,0.083,0.083,0.079,0.085,0.083,0.088,0.083,0.083,0.081,0.083,0.084,0.085,0.079,0.081,0.081,0.081,0.08,0.08,0.079,0.079,0.081,0.086,0.078,0.08,0.08,0.083,0.085,0.084,0.081,0.083,0.084,0.082,0.078,0.081,0.083,0.085,0.08,0.079,0.078,0.08,0.08,0.088,0.082,0.085,0.085,0.088,0.09,0.086,0.083,0.084,0.086,0.085,0.081,0.084,0.087,0.091,0.087,0.083,0.082,0.082,0.082,0.087,0.081,0.085,0.084,0.091,0.091,0.085,0.083,0.085,0.086,0.086,0.079,0.081,0.084,0.092,0.083,0.081,0.082,0.081,0.08,0.082,0.081,0.385,0.398,0.385,0.287,0.313,0.293,0.274,0.28,0.274,0.081,0.246,0.245,0.245,0.195,0.19,0.198,0.176,0.173,0.185,0.083,0.124,0.124,0.139,0.119,0.117,0.12,0.112,0.114,0.116,0.08,0.103,0.107,0.103,0.095,0.097,0.097,0.094,0.096,0.098,0.084,0.09,0.089,0.089,0.092,0.091,0.093,0.098,0.098,0.091,0.086,0.09,0.088,0.087,0.086,0.089,0.086,0.087,0.089,0.087,0.086,0.084,0.085,0.085,0.086,0.087,0.084,0.087,0.088,0.089,0.081,0.085,0.081,0.081,0.083,0.083,0.082,0.081,0.084,0.085,0.08,0.083,0.082,0.082,0.086,0.083,0.083,0.086,0.087,0.085,0.079,0.082,0.081,0.081,0.079,0.079,0.08,0.082,0.08,0.084
4:44:07,0.079,0.684,0.694,0.68,0.7,0.7,0.683,0.631,0.635,0.621,0.082,0.087,0.087,0.09,0.084,0.084,0.085,0.082,0.085,0.086,0.083,0.089,0.086,0.09,0.086,0.086,0.085,0.087,0.087,0.088,0.084,0.084,0.085,0.085,0.084,0.084,0.083,0.082,0.084,0.089,0.083,0.084,0.084,0.087,0.088,0.087,0.085,0.087,0.087,0.086,0.083,0.086,0.087,0.09,0.084,0.084,0.083,0.084,0.085,0.091,0.087,0.088,0.087,0.089,0.092,0.087,0.085,0.086,0.087,0.087,0.082,0.086,0.089,0.093,0.088,0.085,0.084,0.085,0.085,0.09,0.083,0.086,0.086,0.093,0.092,0.087,0.085,0.087,0.087,0.088,0.081,0.083,0.086,0.094,0.085,0.083,0.084,0.083,0.083,0.085,0.083,0.46,0.473,0.458,0.363,0.398,0.374,0.352,0.356,0.353,0.083,0.313,0.312,0.312,0.254,0.248,0.258,0.223,0.221,0.237,0.085,0.14,0.14,0.159,0.129,0.126,0.131,0.12,0.121,0.125,0.082,0.107,0.112,0.108,0.099,0.1,0.101,0.097,0.099,0.101,0.086,0.092,0.091,0.091,0.093,0.093,0.095,0.099,0.099,0.092,0.088,0.092,0.09,0.088,0.088,0.091,0.087,0.089,0.09,0.089,0.088,0.087,0.087,0.087,0.087,0.086,0.086,0.089,0.089,0.09,0.084,0.087,0.083,0.083,0.084,0.085,0.083,0.082,0.085,0.086,0.082,0.086,0.084,0.085,0.088,0.085,0.085,0.088,0.089,0.087,0.081,0.083,0.083,0.082,0.08,0.08,0.081,0.083,0.082,0.086
5:14:07,0.08,0.793,0.799,0.785,0.806,0.806,0.789,0.739,0.742,0.728,0.081,0.086,0.086,0.089,0.083,0.083,0.085,0.081,0.085,0.085,0.083,0.089,0.085,0.09,0.085,0.085,0.084,0.086,0.087,0.088,0.083,0.084,0.084,0.085,0.084,0.083,0.083,0.082,0.084,0.089,0.082,0.082,0.082,0.085,0.087,0.087,0.084,0.086,0.087,0.085,0.081,0.084,0.086,0.089,0.083,0.083,0.082,0.084,0.085,0.091,0.085,0.086,0.086,0.088,0.091,0.087,0.084,0.086,0.088,0.087,0.081,0.085,0.087,0.092,0.087,0.084,0.083,0.084,0.084,0.088,0.082,0.085,0.084,0.091,0.092,0.086,0.083,0.086,0.086,0.087,0.08,0.082,0.085,0.093,0.084,0.082,0.083,0.082,0.082,0.084,0.082,0.52,0.535,0.516,0.428,0.471,0.442,0.425,0.429,0.426,0.082,0.369,0.368,0.368,0.317,0.311,0.32,0.28,0.28,0.299,0.084,0.157,0.156,0.183,0.139,0.135,0.145,0.127,0.128,0.135,0.081,0.108,0.114,0.111,0.099,0.101,0.102,0.098,0.1,0.102,0.085,0.092,0.091,0.092,0.092,0.092,0.095,0.098,0.098,0.092,0.087,0.09,0.088,0.087,0.086,0.089,0.086,0.088,0.089,0.088,0.087,0.085,0.085,0.085,0.086,0.086,0.085,0.087,0.088,0.089,0.082,0.085,0.082,0.082,0.083,0.084,0.082,0.081,0.084,0.085,0.08,0.084,0.083,0.083,0.087,0.084,0.084,0.086,0.088,0.086,0.08,0.083,0.082,0.082,0.08,0.08,0.08,0.082,0.081,0.085
5:44:08,0.08,0.872,0.876,0.858,0.883,0.884,0.866,0.823,0.829,0.817,0.082,0.087,0.087,0.089,0.084,0.084,0.085,0.082,0.085,0.085,0.083,0.089,0.086,0.09,0.085,0.085,0.084,0.086,0.087,0.088,0.083,0.084,0.084,0.085,0.084,0.083,0.083,0.082,0.084,0.089,0.082,0.083,0.083,0.086,0.087,0.086,0.084,0.086,0.087,0.085,0.082,0.085,0.087,0.089,0.083,0.083,0.082,0.083,0.084,0.091,0.086,0.088,0.087,0.09,0.092,0.088,0.085,0.086,0.088,0.088,0.082,0.085,0.088,0.092,0.087,0.084,0.083,0.084,0.084,0.089,0.082,0.085,0.085,0.091,0.091,0.086,0.084,0.086,0.087,0.086,0.08,0.082,0.085,0.093,0.084,0.082,0.083,0.082,0.082,0.083,0.082,0.582,0.597,0.577,0.489,0.536,0.502,0.484,0.491,0.489,0.082,0.416,0.415,0.414,0.369,0.36,0.372,0.341,0.338,0.357,0.083,0.181,0.18,0.217,0.152,0.148,0.165,0.138,0.139,0.15,0.081,0.111,0.116,0.114,0.1,0.102,0.104,0.099,0.101,0.104,0.085,0.092,0.091,0.092,0.093,0.092,0.095,0.098,0.098,0.091,0.087,0.09,0.088,0.087,0.087,0.089,0.086,0.088,0.089,0.087,0.087,0.085,0.086,0.086,0.085,0.085,0.084,0.087,0.088,0.089,0.082,0.086,0.082,0.082,0.083,0.083,0.082,0.081,0.084,0.086,0.081,0.085,0.084,0.084,0.087,0.084,0.084,0.086,0.087,0.086,0.08,0.083,0.082,0.081,0.08,0.079,0.08,0.082,0.081,0.085
6:14:08,0.08,0.945,0.947,0.93,0.955,0.957,0.94,0.889,0.895,0.884,0.082,0.088,0.087,0.09,0.084,0.084,0.086,0.082,0.085,0.085,0.083,0.088,0.085,0.091,0.085,0.084,0.084,0.086,0.086,0.087,0.083,0.084,0.084,0.085,0.084,0.083,0.083,0.083,0.084,0.088,0.082,0.083,0.084,0.086,0.086,0.086,0.084,0.087,0.086,0.085,0.082,0.085,0.087,0.09,0.084,0.083,0.082,0.083,0.084,0.091,0.086,0.087,0.086,0.089,0.091,0.087,0.084,0.084,0.086,0.085,0.082,0.084,0.088,0.092,0.087,0.084,0.083,0.084,0.083,0.088,0.082,0.085,0.085,0.092,0.092,0.086,0.083,0.086,0.086,0.087,0.081,0.082,0.085,0.093,0.084,0.082,0.083,0.083,0.082,0.086,0.082,0.634,0.648,0.628,0.544,0.597,0.56,0.545,0.552,0.551,0.082,0.463,0.46,0.459,0.416,0.406,0.419,0.387,0.383,0.403,0.083,0.21,0.208,0.25,0.171,0.164,0.192,0.15,0.15,0.169,0.081,0.113,0.118,0.118,0.102,0.103,0.107,0.1,0.101,0.104,0.085,0.092,0.091,0.092,0.093,0.093,0.095,0.099,0.099,0.093,0.087,0.09,0.088,0.087,0.086,0.089,0.086,0.088,0.089,0.088,0.087,0.085,0.085,0.086,0.085,0.086,0.085,0.087,0.087,0.088,0.083,0.086,0.082,0.082,0.084,0.084,0.082,0.081,0.084,0.085,0.081,0.085,0.083,0.084,0.088,0.084,0.084,0.087,0.088,0.086,0.081,0.083,0.082,0.082,0.08,0.08,0.08,0.083,0.081,0.085
6:44:08,0.079,1.01,1.012,0.996,1.022,1.024,1.006,0.958,0.965,0.954,0.083,0.089,0.089,0.09,0.084,0.086,0.087,0.084,0.086,0.086,0.084,0.092,0.087,0.095,0.087,0.086,0.085,0.087,0.088,0.089,0.084,0.085,0.085,0.086,0.085,0.084,0.084,0.084,0.085,0.089,0.083,0.084,0.083,0.086,0.088,0.087,0.085,0.087,0.088,0.086,0.082,0.085,0.087,0.09,0.084,0.084,0.083,0.084,0.085,0.092,0.087,0.087,0.087,0.089,0.092,0.088,0.085,0.086,0.088,0.088,0.082,0.085,0.088,0.093,0.088,0.085,0.084,0.085,0.085,0.089,0.083,0.086,0.085,0.092,0.092,0.087,0.085,0.086,0.088,0.088,0.081,0.082,0.085,0.093,0.084,0.082,0.084,0.083,0.083,0.085,0.081,0.687,0.702,0.681,0.596,0.651,0.612,0.601,0.608,0.607,0.083,0.511,0.508,0.506,0.467,0.459,0.473,0.436,0.435,0.459,0.084,0.239,0.234,0.282,0.197,0.189,0.226,0.17,0.169,0.199,0.082,0.115,0.12,0.122,0.104,0.105,0.109,0.101,0.103,0.106,0.085,0.093,0.092,0.093,0.093,0.093,0.096,0.099,0.1,0.093,0.088,0.091,0.089,0.088,0.087,0.09,0.087,0.089,0.09,0.088,0.088,0.086,0.086,0.086,0.086,0.088,0.085,0.088,0.089,0.089,0.083,0.087,0.083,0.083,0.084,0.084,0.083,0.082,0.085,0.085,0.082,0.085,0.084,0.084,0.088,0.085,0.085,0.087,0.088,0.087,0.081,0.084,0.082,0.082,0.081,0.08,0.081,0.083,0.082,0.086
7:14:08,0.08,1.062,1.064,1.044,1.074,1.074,1.056,1.012,1.018,1.006,0.081,0.09,0.09,0.091,0.084,0.087,0.089,0.084,0.087,0.086,0.083,0.094,0.086,0.097,0.088,0.086,0.085,0.087,0.087,0.089,0.082,0.084,0.084,0.086,0.084,0.083,0.082,0.083,0.083,0.088,0.082,0.083,0.083,0.086,0.086,0.086,0.084,0.086,0.086,0.085,0.081,0.084,0.087,0.089,0.083,0.083,0.082,0.083,0.084,0.091,0.085,0.087,0.086,0.088,0.091,0.087,0.084,0.084,0.086,0.086,0.081,0.084,0.087,0.092,0.087,0.083,0.083,0.084,0.083,0.088,0.081,0.085,0.084,0.091,0.091,0.085,0.083,0.085,0.086,0.086,0.08,0.081,0.084,0.093,0.083,0.082,0.083,0.082,0.082,0.083,0.082,0.727,0.741,0.718,0.643,0.699,0.658,0.647,0.654,0.654,0.082,0.553,0.551,0.547,0.512,0.503,0.517,0.487,0.485,0.509,0.083,0.262,0.258,0.304,0.223,0.214,0.256,0.194,0.193,0.229,0.081,0.116,0.121,0.125,0.103,0.104,0.109,0.1,0.102,0.106,0.085,0.092,0.091,0.093,0.092,0.092,0.095,0.098,0.098,0.092,0.087,0.09,0.088,0.087,0.086,0.089,0.086,0.087,0.088,0.086,0.087,0.085,0.086,0.086,0.085,0.085,0.084,0.087,0.087,0.088,0.082,0.085,0.081,0.082,0.083,0.083,0.081,0.081,0.084,0.084,0.08,0.084,0.083,0.083,0.086,0.084,0.084,0.086,0.087,0.085,0.08,0.082,0.081,0.081,0.079,0.079,0.08,0.082,0.081,0.084
7:44:08,0.08,1.1,1.102,1.086,1.11,1.112,1.094,1.054,1.062,1.052,0.081,0.097,0.096,0.093,0.086,0.091,0.096,0.087,0.09,0.088,0.082,0.102,0.088,0.108,0.092,0.086,0.088,0.088,0.087,0.091,0.082,0.084,0.085,0.086,0.083,0.083,0.082,0.084,0.083,0.088,0.081,0.083,0.083,0.086,0.086,0.086,0.083,0.086,0.086,0.085,0.081,0.084,0.086,0.088,0.083,0.082,0.082,0.083,0.084,0.09,0.085,0.087,0.086,0.088,0.091,0.087,0.084,0.084,0.087,0.086,0.081,0.084,0.087,0.091,0.087,0.083,0.083,0.084,0.083,0.088,0.081,0.085,0.084,0.09,0.091,0.086,0.083,0.085,0.086,0.086,0.08,0.081,0.084,0.092,0.083,0.081,0.083,0.082,0.081,0.083,0.081,0.761,0.773,0.75,0.68,0.741,0.699,0.693,0.7,0.701,0.081,0.592,0.59,0.587,0.555,0.546,0.559,0.533,0.533,0.554,0.082,0.278,0.274,0.329,0.25,0.24,0.28,0.219,0.218,0.26,0.08,0.116,0.122,0.129,0.103,0.104,0.11,0.101,0.102,0.106,0.084,0.091,0.09,0.091,0.091,0.091,0.094,0.097,0.097,0.091,0.086,0.089,0.087,0.086,0.085,0.088,0.086,0.087,0.088,0.086,0.087,0.084,0.084,0.085,0.085,0.084,0.084,0.086,0.087,0.088,0.082,0.085,0.081,0.081,0.083,0.083,0.081,0.081,0.083,0.084,0.08,0.083,0.082,0.083,0.086,0.083,0.083,0.086,0.087,0.085,0.079,0.082,0.081,0.081,0.079,0.079,0.08,0.082,0.08,0.083
8:14:08,0.079,1.129,1.127,1.11,1.133,1.133,1.118,1.092,1.098,1.09,0.081,0.112,0.111,0.1,0.09,0.102,0.112,0.093,0.098,0.093,0.083,0.12,0.092,0.133,0.102,0.09,0.096,0.091,0.089,0.095,0.082,0.086,0.087,0.089,0.083,0.084,0.082,0.087,0.084,0.089,0.082,0.083,0.083,0.086,0.086,0.086,0.083,0.086,0.086,0.086,0.081,0.084,0.086,0.089,0.083,0.083,0.082,0.083,0.084,0.09,0.085,0.087,0.086,0.088,0.092,0.087,0.083,0.085,0.087,0.086,0.081,0.084,0.087,0.092,0.087,0.083,0.083,0.084,0.083,0.088,0.081,0.084,0.084,0.091,0.091,0.085,0.083,0.085,0.086,0.086,0.079,0.081,0.084,0.092,0.083,0.081,0.083,0.081,0.081,0.083,0.08,0.795,0.807,0.783,0.713,0.774,0.73,0.727,0.735,0.741,0.081,0.634,0.631,0.625,0.596,0.586,0.601,0.575,0.572,0.596,0.082,0.3,0.294,0.357,0.271,0.263,0.306,0.246,0.245,0.284,0.081,0.118,0.123,0.134,0.104,0.105,0.112,0.101,0.102,0.106,0.084,0.091,0.09,0.091,0.091,0.091,0.094,0.098,0.097,0.091,0.086,0.09,0.087,0.086,0.086,0.088,0.086,0.087,0.088,0.087,0.087,0.085,0.085,0.085,0.085,0.084,0.084,0.087,0.087,0.088,0.082,0.085,0.08,0.081,0.082,0.082,0.081,0.08,0.083,0.084,0.081,0.084,0.083,0.083,0.086,0.083,0.084,0.086,0.087,0.085,0.08,0.082,0.081,0.081,0.079,0.079,0.08,0.082,0.081,0.084
8:44:08,0.078,1.134,1.133,1.116,1.138,1.139,1.122,1.109,1.116,1.108,0.081,0.144,0.141,0.115,0.1,0.125,0.146,0.107,0.114,0.105,0.082,0.159,0.104,0.184,0.124,0.095,0.112,0.097,0.092,0.105,0.083,0.088,0.089,0.093,0.083,0.087,0.082,0.094,0.084,0.09,0.082,0.083,0.083,0.086,0.086,0.086,0.084,0.086,0.086,0.084,0.082,0.084,0.087,0.089,0.083,0.083,0.081,0.083,0.084,0.09,0.086,0.087,0.086,0.089,0.091,0.087,0.084,0.084,0.087,0.088,0.081,0.084,0.087,0.092,0.087,0.083,0.083,0.084,0.083,0.088,0.081,0.084,0.084,0.091,0.091,0.084,0.083,0.084,0.086,0.086,0.08,0.081,0.084,0.093,0.083,0.081,0.083,0.082,0.081,0.083,0.081,0.829,0.841,0.816,0.747,0.805,0.761,0.757,0.765,0.768,0.082,0.671,0.667,0.661,0.634,0.624,0.64,0.616,0.614,0.638,0.083,0.321,0.316,0.38,0.292,0.285,0.335,0.268,0.268,0.312,0.081,0.119,0.125,0.139,0.105,0.106,0.114,0.102,0.103,0.108,0.084,0.091,0.09,0.091,0.091,0.091,0.094,0.098,0.098,0.092,0.087,0.09,0.088,0.086,0.086,0.088,0.084,0.087,0.088,0.087,0.087,0.084,0.084,0.084,0.084,0.084,0.084,0.087,0.087,0.088,0.082,0.086,0.081,0.081,0.083,0.083,0.081,0.081,0.084,0.084,0.081,0.084,0.083,0.083,0.087,0.084,0.084,0.086,0.087,0.086,0.08,0.082,0.081,0.081,0.08,0.079,0.08,0.082,0.081,0.084
9:14:07,0.079,1.137,1.133,1.118,1.139,1.139,1.123,1.119,1.125,1.12,0.082,0.215,0.208,0.151,0.124,0.177,0.222,0.137,0.15,0.132,0.084,0.234,0.127,0.279,0.17,0.108,0.148,0.11,0.1,0.124,0.084,0.092,0.094,0.101,0.084,0.094,0.083,0.109,0.089,0.092,0.083,0.083,0.083,0.086,0.087,0.087,0.084,0.087,0.087,0.086,0.081,0.084,0.086,0.09,0.084,0.083,0.083,0.084,0.085,0.091,0.085,0.087,0.086,0.089,0.092,0.087,0.084,0.085,0.087,0.086,0.081,0.084,0.087,0.092,0.088,0.084,0.083,0.085,0.084,0.088,0.082,0.085,0.084,0.091,0.092,0.086,0.083,0.085,0.087,0.086,0.08,0.082,0.085,0.093,0.084,0.082,0.084,0.083,0.082,0.086,0.081,0.86,0.873,0.849,0.779,0.841,0.795,0.791,0.799,0.803,0.082,0.702,0.697,0.691,0.671,0.661,0.674,0.654,0.653,0.677,0.083,0.338,0.333,0.403,0.315,0.305,0.363,0.292,0.291,0.341,0.081,0.121,0.127,0.145,0.106,0.107,0.117,0.103,0.103,0.108,0.085,0.092,0.09,0.092,0.092,0.091,0.094,0.098,0.098,0.091,0.087,0.09,0.088,0.087,0.087,0.089,0.086,0.089,0.088,0.088,0.087,0.085,0.085,0.085,0.085,0.084,0.084,0.087,0.088,0.088,0.083,0.086,0.082,0.083,0.084,0.084,0.083,0.082,0.085,0.084,0.081,0.085,0.083,0.084,0.086,0.084,0.084,0.086,0.087,0.086,0.081,0.083,0.082,0.082,0.08,0.08,0.08,0.083,0.081,0.085
9:44:08,0.08,1.135,1.131,1.114,1.137,1.139,1.124,1.121,1.127,1.124,0.083,0.326,0.318,0.22,0.172,0.271,0.347,0.193,0.219,0.183,0.084,0.364,0.174,0.441,0.254,0.129,0.221,0.133,0.115,0.158,0.083,0.098,0.1,0.111,0.084,0.105,0.083,0.133,0.095,0.098,0.083,0.083,0.083,0.086,0.088,0.087,0.085,0.088,0.088,0.087,0.082,0.084,0.087,0.089,0.084,0.083,0.083,0.084,0.085,0.092,0.088,0.087,0.087,0.09,0.093,0.089,0.086,0.088,0.09,0.09,0.082,0.084,0.087,0.092,0.087,0.084,0.084,0.085,0.084,0.09,0.082,0.085,0.084,0.091,0.091,0.086,0.084,0.086,0.088,0.087,0.08,0.081,0.084,0.093,0.084,0.082,0.083,0.082,0.082,0.084,0.081,0.885,0.9,0.876,0.809,0.872,0.828,0.825,0.832,0.835,0.081,0.731,0.726,0.721,0.702,0.692,0.704,0.688,0.688,0.71,0.083,0.353,0.349,0.42,0.336,0.327,0.384,0.311,0.311,0.368,0.081,0.121,0.128,0.147,0.106,0.107,0.119,0.103,0.104,0.11,0.086,0.09,0.089,0.091,0.092,0.092,0.095,0.099,0.099,0.092,0.086,0.089,0.087,0.086,0.086,0.089,0.086,0.089,0.088,0.088,0.087,0.085,0.085,0.085,0.085,0.085,0.084,0.087,0.088,0.089,0.082,0.085,0.081,0.081,0.083,0.083,0.082,0.082,0.083,0.085,0.081,0.084,0.082,0.082,0.086,0.083,0.082,0.086,0.087,0.086,0.08,0.082,0.081,0.08,0.079,0.079,0.08,0.082,0.08,0.084
10:14:07,0.078,1.135,1.129,1.112,1.137,1.133,1.124,1.121,1.127,1.125,0.076,0.513,0.499,0.332,0.256,0.426,0.559,0.283,0.33,0.27,0.076,0.575,0.26,0.62,0.399,0.16,0.339,0.169,0.135,0.217,0.076,0.1,0.104,0.126,0.077,0.121,0.077,0.172,0.101,0.101,0.075,0.077,0.078,0.081,0.082,0.082,0.078,0.081,0.082,0.08,0.075,0.078,0.08,0.083,0.076,0.076,0.075,0.077,0.078,0.085,0.079,0.081,0.082,0.084,0.088,0.083,0.079,0.081,0.083,0.083,0.075,0.078,0.08,0.085,0.08,0.077,0.076,0.077,0.078,0.084,0.075,0.079,0.079,0.086,0.086,0.081,0.078,0.08,0.081,0.082,0.076,0.077,0.08,0.088,0.078,0.076,0.077,0.076,0.076,0.078,0.077,0.903,0.921,0.897,0.832,0.897,0.85,0.848,0.856,0.86,0.078,0.755,0.752,0.743,0.726,0.715,0.727,0.71,0.709,0.729,0.08,0.359,0.356,0.428,0.346,0.337,0.398,0.325,0.324,0.384,0.078,0.12,0.125,0.146,0.102,0.103,0.116,0.099,0.099,0.104,0.081,0.087,0.086,0.088,0.088,0.087,0.09,0.095,0.094,0.088,0.083,0.086,0.084,0.083,0.082,0.085,0.082,0.084,0.085,0.083,0.083,0.081,0.081,0.081,0.081,0.08,0.08,0.083,0.083,0.083,0.078,0.081,0.077,0.077,0.079,0.079,0.077,0.077,0.079,0.08,0.077,0.079,0.078,0.078,0.082,0.08,0.079,0.082,0.083,0.081,0.075,0.077,0.077,0.077,0.076,0.075,0.076,0.078,0.076,0.081
10:44:07,0.079,1.143,1.135,1.12,1.145,1.147,1.131,1.129,1.135,1.133,0.077,0.661,0.649,0.54,0.414,0.606,0.716,0.439,0.532,0.427,0.077,0.708,0.418,0.764,0.606,0.224,0.554,0.241,0.187,0.321,0.076,0.115,0.121,0.164,0.077,0.164,0.076,0.249,0.123,0.119,0.075,0.077,0.078,0.081,0.083,0.082,0.078,0.081,0.082,0.08,0.075,0.078,0.079,0.083,0.077,0.076,0.075,0.076,0.078,0.085,0.079,0.081,0.082,0.085,0.088,0.083,0.079,0.081,0.083,0.083,0.075,0.079,0.081,0.085,0.08,0.077,0.076,0.077,0.078,0.084,0.075,0.079,0.08,0.087,0.088,0.082,0.078,0.081,0.083,0.083,0.074,0.075,0.078,0.086,0.076,0.074,0.076,0.075,0.075,0.08,0.075,0.923,0.94,0.915,0.859,0.927,0.878,0.877,0.885,0.885,0.077,0.784,0.782,0.774,0.756,0.745,0.758,0.742,0.74,0.759,0.079,0.369,0.364,0.438,0.36,0.351,0.413,0.341,0.34,0.401,0.078,0.121,0.126,0.148,0.102,0.103,0.118,0.099,0.098,0.103,0.081,0.087,0.086,0.088,0.087,0.087,0.09,0.095,0.094,0.087,0.084,0.087,0.084,0.083,0.083,0.085,0.082,0.083,0.084,0.083,0.083,0.081,0.082,0.082,0.081,0.081,0.08,0.083,0.083,0.084,0.078,0.082,0.077,0.077,0.079,0.079,0.077,0.077,0.08,0.081,0.077,0.08,0.079,0.079,0.081,0.079,0.079,0.081,0.082,0.08,0.075,0.078,0.077,0.076,0.075,0.074,0.075,0.078,0.076,0.078
11:14:06,0.08,1.155,1.149,1.133,1.157,1.159,1.145,1.141,1.147,1.145,0.083,0.806,0.791,0.681,0.593,0.753,0.869,0.623,0.679,0.615,0.084,0.846,0.611,0.876,0.753,0.352,0.701,0.37,0.28,0.499,0.084,0.148,0.158,0.234,0.084,0.248,0.083,0.375,0.17,0.157,0.083,0.084,0.084,0.087,0.087,0.087,0.085,0.087,0.087,0.086,0.083,0.085,0.087,0.09,0.084,0.084,0.083,0.084,0.086,0.091,0.087,0.088,0.087,0.09,0.093,0.09,0.086,0.088,0.09,0.09,0.082,0.085,0.088,0.093,0.088,0.084,0.084,0.085,0.085,0.09,0.083,0.085,0.085,0.092,0.092,0.087,0.085,0.087,0.089,0.089,0.081,0.083,0.085,0.093,0.084,0.082,0.084,0.083,0.083,0.087,0.083,0.94,0.957,0.936,0.882,0.947,0.901,0.901,0.909,0.907,0.083,0.811,0.809,0.8,0.785,0.777,0.789,0.774,0.771,0.79,0.084,0.384,0.377,0.452,0.377,0.369,0.431,0.36,0.36,0.422,0.082,0.125,0.131,0.153,0.106,0.107,0.124,0.105,0.104,0.11,0.086,0.09,0.09,0.091,0.092,0.092,0.095,0.1,0.1,0.093,0.088,0.091,0.088,0.087,0.087,0.089,0.086,0.088,0.089,0.088,0.088,0.086,0.086,0.086,0.086,0.086,0.085,0.088,0.088,0.089,0.083,0.087,0.081,0.082,0.084,0.084,0.082,0.082,0.084,0.085,0.082,0.085,0.082,0.083,0.086,0.083,0.084,0.086,0.087,0.085,0.081,0.083,0.082,0.082,0.08,0.08,0.081,0.083,0.081,0.086
11:44:06,0.079,1.163,1.157,1.141,1.165,1.167,1.151,1.147,1.155,1.151,0.081,0.898,0.884,0.816,0.732,0.86,0.969,0.742,0.81,0.746,0.082,0.933,0.758,0.955,0.884,0.528,0.841,0.564,0.422,0.66,0.083,0.193,0.209,0.329,0.082,0.373,0.081,0.575,0.239,0.218,0.082,0.083,0.083,0.086,0.087,0.086,0.084,0.087,0.087,0.085,0.081,0.084,0.086,0.088,0.083,0.082,0.081,0.082,0.084,0.09,0.086,0.087,0.087,0.09,0.092,0.088,0.085,0.086,0.088,0.088,0.082,0.084,0.088,0.092,0.087,0.084,0.083,0.083,0.083,0.089,0.082,0.085,0.085,0.091,0.091,0.086,0.083,0.085,0.086,0.087,0.08,0.082,0.085,0.093,0.084,0.081,0.083,0.082,0.081,0.084,0.082,0.948,0.967,0.945,0.898,0.964,0.917,0.921,0.928,0.928,0.082,0.823,0.828,0.818,0.814,0.802,0.813,0.801,0.797,0.814,0.083,0.387,0.381,0.456,0.386,0.378,0.44,0.371,0.37,0.432,0.081,0.125,0.13,0.154,0.106,0.106,0.124,0.107,0.102,0.109,0.085,0.089,0.088,0.09,0.091,0.091,0.093,0.1,0.099,0.093,0.087,0.089,0.086,0.085,0.086,0.088,0.086,0.088,0.088,0.088,0.088,0.084,0.084,0.085,0.086,0.085,0.085,0.088,0.088,0.09,0.082,0.086,0.081,0.082,0.083,0.083,0.082,0.081,0.084,0.085,0.081,0.084,0.083,0.084,0.087,0.084,0.084,0.086,0.087,0.084,0.081,0.083,0.082,0.081,0.08,0.079,0.08,0.083,0.08,0.083
12:14:06,0.078,1.163,1.157,1.141,1.165,1.167,1.153,1.147,1.155,1.153,0.076,0.975,0.962,0.902,0.833,0.941,1.05,0.842,0.896,0.853,0.076,1.014,0.872,1.03,0.966,0.634,0.931,0.671,0.62,0.776,0.076,0.258,0.277,0.497,0.077,0.552,0.077,0.682,0.346,0.31,0.075,0.078,0.079,0.082,0.083,0.082,0.079,0.082,0.082,0.08,0.076,0.079,0.079,0.083,0.076,0.076,0.076,0.077,0.078,0.085,0.078,0.082,0.082,0.084,0.087,0.083,0.079,0.08,0.083,0.082,0.075,0.078,0.081,0.085,0.081,0.077,0.077,0.078,0.078,0.083,0.075,0.079,0.08,0.087,0.087,0.082,0.079,0.081,0.083,0.083,0.077,0.078,0.081,0.089,0.079,0.077,0.079,0.077,0.077,0.08,0.078,0.957,0.975,0.953,0.908,0.976,0.927,0.931,0.938,0.934,0.079,0.833,0.835,0.828,0.829,0.817,0.828,0.819,0.814,0.829,0.079,0.389,0.383,0.454,0.391,0.384,0.448,0.379,0.378,0.441,0.077,0.121,0.127,0.152,0.102,0.103,0.123,0.107,0.099,0.107,0.081,0.085,0.085,0.086,0.087,0.086,0.089,0.098,0.096,0.09,0.083,0.085,0.083,0.082,0.082,0.084,0.081,0.084,0.084,0.083,0.084,0.081,0.081,0.081,0.081,0.08,0.08,0.083,0.082,0.083,0.079,0.082,0.077,0.078,0.08,0.079,0.077,0.077,0.079,0.078,0.075,0.08,0.079,0.08,0.082,0.079,0.079,0.08,0.081,0.079,0.075,0.078,0.077,0.077,0.075,0.074,0.074,0.077,0.074,0.077
12:44:06,0.078,1.171,1.163,1.147,1.171,1.175,1.159,1.153,1.161,1.159,0.076,1.046,1.034,0.986,0.918,1.022,1.125,0.914,0.976,0.928,0.076,1.086,0.957,1.092,1.048,0.751,1.014,0.773,0.744,0.877,0.077,0.368,0.401,0.607,0.077,0.681,0.077,0.785,0.541,0.469,0.074,0.077,0.078,0.082,0.082,0.082,0.078,0.081,0.082,0.08,0.075,0.078,0.079,0.082,0.077,0.076,0.076,0.076,0.078,0.085,0.078,0.081,0.081,0.084,0.087,0.083,0.079,0.08,0.082,0.082,0.075,0.078,0.08,0.085,0.08,0.077,0.076,0.077,0.077,0.083,0.075,0.08,0.08,0.088,0.088,0.082,0.079,0.081,0.083,0.083,0.075,0.077,0.079,0.088,0.077,0.076,0.077,0.076,0.075,0.078,0.075,0.963,0.98,0.957,0.914,0.982,0.936,0.941,0.947,0.944,0.075,0.841,0.843,0.835,0.843,0.831,0.84,0.835,0.829,0.84,0.076,0.388,0.381,0.452,0.394,0.388,0.449,0.384,0.382,0.447,0.075,0.119,0.124,0.15,0.099,0.099,0.12,0.111,0.097,0.107,0.078,0.085,0.085,0.086,0.087,0.086,0.088,0.1,0.097,0.092,0.08,0.084,0.08,0.08,0.079,0.082,0.079,0.081,0.082,0.082,0.081,0.079,0.079,0.08,0.08,0.079,0.078,0.081,0.082,0.083,0.079,0.081,0.076,0.077,0.078,0.078,0.077,0.076,0.078,0.079,0.077,0.081,0.08,0.081,0.084,0.081,0.081,0.083,0.084,0.082,0.076,0.079,0.077,0.078,0.076,0.076,0.077,0.079,0.077,0.081
13:14:06,0.079,1.183,1.175,1.159,1.185,1.187,1.169,1.165,1.173,1.171,0.082,1.108,1.098,1.062,0.998,1.088,1.189,0.986,1.052,1.006,0.083,1.147,1.044,1.153,1.123,0.858,1.094,0.855,0.866,0.952,0.082,0.53,0.542,0.737,0.083,0.808,0.082,0.872,0.671,0.645,0.082,0.081,0.083,0.087,0.088,0.087,0.083,0.086,0.086,0.085,0.08,0.083,0.086,0.088,0.084,0.083,0.082,0.083,0.084,0.09,0.084,0.086,0.086,0.089,0.093,0.087,0.083,0.084,0.086,0.086,0.079,0.083,0.085,0.09,0.086,0.082,0.081,0.082,0.082,0.086,0.079,0.085,0.085,0.093,0.094,0.087,0.083,0.086,0.087,0.087,0.079,0.081,0.084,0.092,0.083,0.08,0.082,0.08,0.079,0.082,0.079,0.973,0.991,0.97,0.93,0.994,0.948,0.954,0.959,0.962,0.079,0.852,0.853,0.844,0.853,0.843,0.853,0.851,0.843,0.856,0.08,0.391,0.386,0.459,0.405,0.397,0.454,0.395,0.394,0.457,0.079,0.122,0.127,0.153,0.102,0.103,0.124,0.128,0.103,0.115,0.082,0.088,0.089,0.09,0.092,0.09,0.092,0.11,0.105,0.101,0.085,0.088,0.084,0.083,0.083,0.086,0.083,0.085,0.086,0.086,0.085,0.082,0.083,0.084,0.085,0.084,0.083,0.086,0.087,0.088,0.083,0.086,0.081,0.081,0.083,0.083,0.081,0.079,0.083,0.084,0.081,0.085,0.084,0.084,0.088,0.085,0.084,0.088,0.089,0.086,0.08,0.083,0.081,0.081,0.08,0.08,0.08,0.082,0.081,0.085
13:44:06,0.079,1.187,1.181,1.163,1.189,1.191,1.175,1.169,1.175,1.175,0.082,1.161,1.151,1.123,1.064,1.149,1.246,1.05,1.11,1.062,0.083,1.195,1.11,1.197,1.181,0.934,1.157,0.911,0.945,1.018,0.083,0.654,0.671,0.828,0.084,0.894,0.083,0.936,0.781,0.761,0.082,0.082,0.082,0.086,0.086,0.086,0.083,0.086,0.087,0.085,0.081,0.083,0.085,0.089,0.083,0.082,0.082,0.083,0.084,0.09,0.085,0.086,0.085,0.088,0.091,0.086,0.083,0.085,0.087,0.087,0.081,0.084,0.086,0.092,0.087,0.084,0.083,0.084,0.083,0.089,0.081,0.084,0.084,0.091,0.091,0.085,0.082,0.085,0.087,0.087,0.079,0.081,0.084,0.092,0.083,0.081,0.082,0.081,0.081,0.083,0.082,0.978,0.994,0.972,0.931,0.998,0.953,0.96,0.963,0.965,0.079,0.858,0.86,0.855,0.864,0.851,0.862,0.86,0.851,0.861,0.08,0.391,0.383,0.457,0.402,0.396,0.451,0.395,0.393,0.454,0.079,0.122,0.127,0.153,0.103,0.103,0.125,0.152,0.105,0.123,0.082,0.089,0.088,0.093,0.091,0.09,0.092,0.12,0.109,0.109,0.085,0.089,0.084,0.084,0.083,0.086,0.083,0.087,0.087,0.085,0.084,0.083,0.084,0.085,0.085,0.084,0.082,0.086,0.086,0.087,0.081,0.085,0.079,0.079,0.08,0.08,0.079,0.078,0.081,0.082,0.078,0.083,0.083,0.083,0.087,0.084,0.083,0.085,0.086,0.084,0.078,0.081,0.079,0.079,0.077,0.077,0.078,0.08,0.078,0.082
14:14:06,0.079,1.191,1.183,1.167,1.191,1.195,1.179,1.173,1.181,1.179,0.082,1.205,1.199,1.177,1.123,1.199,1.29,1.104,1.159,1.112,0.083,1.229,1.169,1.231,1.235,1.006,1.211,0.967,1.014,1.076,0.084,0.781,0.783,0.907,0.084,0.976,0.083,0.997,0.874,0.865,0.083,0.083,0.084,0.089,0.088,0.088,0.085,0.088,0.088,0.086,0.083,0.085,0.087,0.09,0.084,0.084,0.083,0.083,0.085,0.092,0.087,0.088,0.087,0.09,0.092,0.088,0.085,0.087,0.088,0.088,0.082,0.085,0.088,0.092,0.088,0.084,0.084,0.085,0.084,0.089,0.082,0.085,0.085,0.092,0.093,0.087,0.084,0.086,0.087,0.087,0.081,0.083,0.085,0.093,0.084,0.082,0.084,0.083,0.082,0.085,0.083,0.984,0.999,0.979,0.939,1.002,0.964,0.966,0.971,0.971,0.082,0.865,0.867,0.861,0.869,0.857,0.87,0.866,0.857,0.866,0.084,0.39,0.38,0.458,0.397,0.393,0.453,0.394,0.394,0.454,0.081,0.124,0.129,0.156,0.105,0.106,0.128,0.189,0.114,0.139,0.085,0.09,0.088,0.09,0.09,0.09,0.092,0.138,0.119,0.125,0.088,0.09,0.087,0.086,0.086,0.089,0.086,0.091,0.091,0.089,0.088,0.085,0.085,0.085,0.085,0.085,0.084,0.087,0.088,0.088,0.083,0.086,0.081,0.082,0.084,0.083,0.082,0.082,0.084,0.085,0.082,0.084,0.082,0.083,0.086,0.083,0.083,0.086,0.087,0.085,0.081,0.083,0.082,0.081,0.08,0.079,0.08,0.083,0.08,0.084
14:44:06,0.079,1.195,1.187,1.173,1.199,1.199,1.185,1.183,1.185,1.185,0.082,1.231,1.229,1.223,1.175,1.236,1.32,1.153,1.201,1.157,0.084,1.252,1.217,1.254,1.27,1.074,1.252,1.018,1.08,1.129,0.084,0.871,0.863,0.981,0.084,1.048,0.084,1.046,0.944,0.94,0.083,0.083,0.083,0.09,0.09,0.087,0.085,0.088,0.089,0.087,0.081,0.084,0.086,0.089,0.084,0.083,0.083,0.084,0.086,0.093,0.089,0.087,0.089,0.092,0.097,0.092,0.087,0.089,0.094,0.094,0.081,0.083,0.086,0.092,0.087,0.083,0.083,0.084,0.084,0.091,0.082,0.084,0.085,0.093,0.094,0.088,0.084,0.088,0.09,0.09,0.079,0.08,0.083,0.091,0.083,0.08,0.082,0.082,0.082,0.088,0.082,0.988,1.006,0.985,0.947,1.014,0.971,0.972,0.979,0.978,0.081,0.869,0.871,0.864,0.873,0.862,0.873,0.87,0.863,0.873,0.081,0.391,0.382,0.464,0.399,0.392,0.456,0.395,0.395,0.458,0.079,0.12,0.126,0.155,0.102,0.102,0.125,0.239,0.12,0.159,0.082,0.087,0.088,0.09,0.092,0.09,0.091,0.167,0.136,0.153,0.085,0.088,0.084,0.083,0.083,0.085,0.082,0.089,0.089,0.088,0.085,0.083,0.085,0.086,0.087,0.085,0.083,0.086,0.087,0.088,0.082,0.085,0.079,0.08,0.081,0.081,0.079,0.079,0.081,0.083,0.079,0.083,0.084,0.085,0.089,0.085,0.083,0.087,0.089,0.087,0.078,0.081,0.079,0.079,0.077,0.077,0.078,0.079,0.079,0.086
15:14:06,0.079,1.199,1.189,1.175,1.199,1.203,1.187,1.181,1.187,1.187,0.082,1.254,1.252,1.256,1.213,1.262,1.344,1.195,1.231,1.187,0.084,1.272,1.25,1.272,1.294,1.129,1.28,1.064,1.133,1.173,0.083,0.955,0.943,1.046,0.083,1.108,0.083,1.096,1.002,0.996,0.082,0.082,0.082,0.089,0.087,0.086,0.083,0.086,0.086,0.085,0.081,0.083,0.085,0.088,0.083,0.082,0.082,0.083,0.084,0.091,0.085,0.086,0.085,0.087,0.09,0.086,0.082,0.084,0.086,0.085,0.08,0.083,0.086,0.091,0.087,0.083,0.082,0.084,0.082,0.087,0.081,0.083,0.083,0.09,0.091,0.084,0.081,0.085,0.086,0.086,0.079,0.08,0.083,0.091,0.082,0.08,0.082,0.081,0.08,0.084,0.081,0.993,1.008,0.988,0.947,1.018,0.973,0.974,0.977,0.979,0.081,0.875,0.877,0.87,0.88,0.868,0.881,0.875,0.866,0.876,0.081,0.39,0.38,0.462,0.392,0.385,0.456,0.389,0.387,0.454,0.078,0.12,0.126,0.156,0.103,0.102,0.127,0.297,0.137,0.192,0.082,0.087,0.087,0.089,0.089,0.088,0.089,0.212,0.163,0.196,0.084,0.087,0.083,0.082,0.082,0.084,0.081,0.091,0.09,0.088,0.084,0.082,0.084,0.084,0.084,0.084,0.081,0.085,0.085,0.086,0.08,0.084,0.078,0.079,0.08,0.08,0.078,0.078,0.08,0.082,0.078,0.082,0.083,0.083,0.086,0.083,0.082,0.084,0.086,0.083,0.077,0.08,0.078,0.078,0.076,0.076,0.076,0.079,0.077,0.082
15:44:06,0.079,1.207,1.193,1.177,1.203,1.205,1.189,1.183,1.189,1.191,0.082,1.27,1.27,1.276,1.242,1.282,1.361,1.223,1.245,1.211,0.083,1.288,1.276,1.29,1.316,1.187,1.302,1.108,1.185,1.211,0.083,1.03,1.014,1.104,0.084,1.159,0.083,1.137,1.058,1.05,0.082,0.082,0.082,0.091,0.087,0.087,0.083,0.087,0.087,0.086,0.081,0.083,0.086,0.088,0.084,0.083,0.082,0.084,0.084,0.091,0.085,0.086,0.086,0.089,0.092,0.087,0.083,0.085,0.087,0.087,0.08,0.082,0.085,0.091,0.087,0.083,0.082,0.083,0.082,0.089,0.081,0.084,0.083,0.091,0.091,0.085,0.082,0.084,0.085,0.086,0.079,0.081,0.085,0.093,0.084,0.081,0.083,0.081,0.08,0.081,0.079,0.994,1.01,0.989,0.948,1.02,0.977,0.977,0.98,0.982,0.079,0.878,0.881,0.874,0.885,0.872,0.887,0.88,0.871,0.88,0.079,0.387,0.377,0.462,0.388,0.381,0.455,0.384,0.384,0.456,0.078,0.119,0.125,0.157,0.101,0.101,0.125,0.347,0.162,0.241,0.082,0.088,0.088,0.089,0.09,0.089,0.091,0.279,0.208,0.262,0.085,0.088,0.084,0.083,0.083,0.085,0.082,0.097,0.094,0.092,0.084,0.083,0.083,0.084,0.084,0.083,0.081,0.084,0.084,0.085,0.08,0.084,0.078,0.079,0.08,0.08,0.078,0.077,0.08,0.081,0.077,0.083,0.082,0.083,0.086,0.083,0.082,0.084,0.085,0.083,0.078,0.081,0.079,0.078,0.077,0.077,0.077,0.08,0.077,0.081
16:14:06,0.08,1.209,1.201,1.179,1.213,1.205,1.191,1.185,1.189,1.191,0.077,1.278,1.28,1.29,1.256,1.294,1.37,1.243,1.264,1.225,0.077,1.294,1.288,1.298,1.328,1.231,1.314,1.141,1.223,1.235,0.077,1.084,1.072,1.141,0.077,1.189,0.076,1.157,1.102,1.09,0.075,0.076,0.079,0.09,0.085,0.083,0.079,0.083,0.084,0.082,0.075,0.078,0.08,0.082,0.077,0.076,0.075,0.077,0.079,0.087,0.081,0.081,0.084,0.087,0.092,0.086,0.081,0.083,0.087,0.087,0.076,0.078,0.081,0.086,0.08,0.077,0.077,0.078,0.078,0.086,0.076,0.079,0.081,0.088,0.09,0.083,0.079,0.083,0.085,0.085,0.074,0.075,0.078,0.086,0.077,0.075,0.076,0.075,0.075,0.08,0.077,1,1.02,0.993,0.955,1.028,0.979,0.982,0.985,0.987,0.08,0.881,0.882,0.876,0.885,0.875,0.889,0.881,0.875,0.89,0.082,0.388,0.379,0.467,0.392,0.383,0.459,0.385,0.388,0.463,0.078,0.118,0.123,0.156,0.101,0.101,0.126,0.392,0.203,0.295,0.082,0.085,0.084,0.088,0.089,0.087,0.088,0.345,0.272,0.33,0.083,0.084,0.082,0.081,0.082,0.084,0.081,0.104,0.1,0.099,0.085,0.081,0.081,0.082,0.082,0.081,0.08,0.083,0.082,0.083,0.078,0.081,0.075,0.076,0.078,0.077,0.076,0.075,0.078,0.078,0.074,0.079,0.079,0.08,0.084,0.081,0.078,0.082,0.084,0.081,0.074,0.077,0.075,0.075,0.073,0.073,0.074,0.075,0.074,0.078
16:44:06,0.078,1.211,1.203,1.185,1.209,1.205,1.193,1.187,1.189,1.191,0.078,1.292,1.294,1.304,1.274,1.31,1.383,1.26,1.276,1.238,0.078,1.308,1.306,1.31,1.342,1.268,1.33,1.167,1.248,1.256,0.078,1.131,1.117,1.173,0.079,1.217,0.078,1.185,1.143,1.125,0.075,0.077,0.078,0.091,0.083,0.082,0.079,0.082,0.082,0.081,0.076,0.079,0.081,0.083,0.077,0.077,0.076,0.078,0.079,0.085,0.079,0.083,0.082,0.085,0.088,0.083,0.08,0.081,0.083,0.082,0.076,0.079,0.082,0.086,0.081,0.077,0.077,0.078,0.078,0.083,0.075,0.08,0.081,0.088,0.088,0.082,0.079,0.082,0.083,0.083,0.074,0.077,0.08,0.088,0.079,0.076,0.078,0.076,0.076,0.079,0.076,1.006,1.024,0.995,0.954,1.028,0.979,0.981,0.982,0.984,0.076,0.883,0.885,0.879,0.889,0.877,0.892,0.884,0.874,0.888,0.076,0.385,0.374,0.462,0.383,0.375,0.457,0.379,0.377,0.455,0.075,0.116,0.121,0.155,0.098,0.099,0.124,0.445,0.254,0.336,0.079,0.084,0.085,0.086,0.087,0.086,0.089,0.405,0.336,0.39,0.084,0.086,0.083,0.082,0.082,0.085,0.081,0.117,0.109,0.106,0.084,0.082,0.082,0.083,0.082,0.082,0.081,0.084,0.084,0.085,0.08,0.083,0.078,0.078,0.081,0.08,0.079,0.078,0.081,0.081,0.078,0.081,0.08,0.08,0.084,0.081,0.081,0.083,0.085,0.082,0.077,0.079,0.078,0.078,0.076,0.076,0.077,0.079,0.077,0.081
17:14:06,0.079,1.221,1.211,1.195,1.219,1.215,1.201,1.193,1.199,1.199,0.082,1.304,1.308,1.322,1.294,1.324,1.397,1.28,1.294,1.256,0.085,1.32,1.322,1.322,1.359,1.298,1.348,1.193,1.284,1.278,0.083,1.167,1.151,1.197,0.084,1.242,0.083,1.211,1.173,1.157,0.082,0.083,0.083,0.099,0.088,0.087,0.085,0.087,0.088,0.086,0.081,0.084,0.086,0.089,0.084,0.083,0.082,0.084,0.085,0.09,0.085,0.086,0.085,0.088,0.091,0.087,0.084,0.085,0.087,0.086,0.081,0.084,0.087,0.092,0.087,0.084,0.083,0.084,0.084,0.088,0.082,0.084,0.084,0.091,0.092,0.086,0.083,0.086,0.088,0.088,0.08,0.081,0.084,0.093,0.083,0.081,0.083,0.082,0.081,0.087,0.081,1.008,1.024,0.997,0.958,1.032,0.984,0.986,0.987,0.988,0.081,0.886,0.887,0.881,0.892,0.88,0.895,0.889,0.878,0.891,0.082,0.39,0.378,0.467,0.387,0.378,0.464,0.383,0.382,0.461,0.081,0.121,0.128,0.161,0.105,0.105,0.131,0.511,0.318,0.386,0.085,0.089,0.088,0.09,0.089,0.088,0.091,0.453,0.396,0.437,0.086,0.088,0.085,0.084,0.084,0.086,0.083,0.14,0.127,0.121,0.085,0.083,0.084,0.084,0.084,0.084,0.082,0.085,0.086,0.086,0.081,0.085,0.078,0.079,0.081,0.08,0.079,0.078,0.081,0.081,0.077,0.082,0.082,0.082,0.085,0.082,0.081,0.083,0.085,0.083,0.078,0.081,0.079,0.078,0.077,0.076,0.077,0.079,0.077,0.081
17:44:06,0.08,1.221,1.209,1.195,1.219,1.221,1.203,1.193,1.201,1.199,0.082,1.312,1.312,1.332,1.306,1.334,1.405,1.292,1.306,1.266,0.082,1.326,1.336,1.33,1.369,1.316,1.359,1.211,1.302,1.29,0.083,1.193,1.179,1.219,0.084,1.26,0.083,1.229,1.199,1.177,0.083,0.083,0.084,0.104,0.088,0.087,0.084,0.087,0.087,0.086,0.082,0.085,0.086,0.089,0.084,0.083,0.083,0.084,0.085,0.092,0.086,0.086,0.086,0.089,0.092,0.088,0.084,0.086,0.088,0.088,0.081,0.084,0.086,0.091,0.087,0.083,0.082,0.084,0.083,0.088,0.081,0.084,0.083,0.09,0.091,0.085,0.083,0.085,0.087,0.086,0.08,0.082,0.085,0.093,0.083,0.081,0.083,0.082,0.081,0.083,0.082,1.008,1.026,0.997,0.962,1.032,0.986,0.988,0.991,0.994,0.082,0.885,0.889,0.883,0.893,0.881,0.898,0.892,0.879,0.893,0.083,0.388,0.376,0.466,0.385,0.375,0.462,0.379,0.379,0.462,0.081,0.122,0.127,0.16,0.104,0.104,0.13,0.562,0.361,0.441,0.085,0.088,0.088,0.088,0.089,0.089,0.092,0.51,0.445,0.498,0.087,0.089,0.086,0.086,0.085,0.088,0.085,0.174,0.155,0.149,0.087,0.084,0.084,0.084,0.084,0.084,0.083,0.086,0.086,0.088,0.083,0.086,0.081,0.081,0.083,0.083,0.082,0.082,0.084,0.085,0.081,0.084,0.082,0.082,0.085,0.083,0.082,0.085,0.085,0.083,0.079,0.082,0.081,0.081,0.08,0.079,0.079,0.083,0.08,0.081
18:14:07,0.078,1.217,1.205,1.191,1.215,1.217,1.199,1.187,1.205,1.195,0.075,1.308,1.312,1.334,1.31,1.332,1.403,1.296,1.306,1.27,0.076,1.322,1.338,1.326,1.37,1.326,1.36,1.223,1.312,1.298,0.076,1.207,1.191,1.229,0.076,1.27,0.076,1.239,1.215,1.193,0.075,0.077,0.078,0.106,0.083,0.081,0.079,0.081,0.081,0.08,0.076,0.079,0.08,0.084,0.078,0.077,0.077,0.078,0.079,0.085,0.077,0.081,0.081,0.084,0.087,0.083,0.079,0.08,0.082,0.082,0.075,0.078,0.08,0.085,0.08,0.077,0.076,0.077,0.077,0.082,0.074,0.079,0.08,0.087,0.087,0.081,0.078,0.081,0.083,0.082,0.073,0.075,0.077,0.086,0.076,0.074,0.076,0.074,0.074,0.079,0.075,1.008,1.024,1.002,0.96,1.03,0.983,0.984,0.986,0.996,0.076,0.883,0.885,0.879,0.891,0.88,0.897,0.886,0.878,0.891,0.077,0.384,0.37,0.462,0.379,0.369,0.46,0.375,0.373,0.458,0.078,0.12,0.125,0.156,0.101,0.101,0.128,0.604,0.404,0.489,0.082,0.086,0.085,0.086,0.087,0.086,0.089,0.566,0.497,0.552,0.084,0.086,0.083,0.082,0.082,0.085,0.082,0.217,0.194,0.186,0.084,0.081,0.081,0.081,0.081,0.08,0.08,0.083,0.084,0.084,0.079,0.083,0.077,0.077,0.079,0.08,0.078,0.077,0.08,0.081,0.078,0.08,0.078,0.079,0.083,0.08,0.079,0.082,0.084,0.081,0.077,0.079,0.078,0.077,0.076,0.076,0.076,0.079,0.076,0.08
18:44:07,0.078,1.223,1.211,1.203,1.213,1.223,1.211,1.199,1.211,1.201,0.082,1.314,1.316,1.34,1.32,1.338,1.409,1.306,1.316,1.278,0.083,1.328,1.347,1.334,1.379,1.345,1.369,1.238,1.328,1.31,0.083,1.227,1.211,1.247,0.084,1.288,0.083,1.254,1.238,1.215,0.081,0.082,0.082,0.122,0.087,0.086,0.084,0.086,0.086,0.085,0.081,0.083,0.085,0.088,0.084,0.082,0.082,0.083,0.084,0.091,0.084,0.086,0.085,0.088,0.092,0.087,0.083,0.085,0.087,0.086,0.08,0.083,0.086,0.091,0.087,0.083,0.082,0.084,0.084,0.088,0.081,0.083,0.083,0.09,0.092,0.085,0.082,0.085,0.087,0.087,0.079,0.08,0.083,0.091,0.082,0.08,0.082,0.081,0.08,0.086,0.082,1.008,1.024,1.004,0.962,1.032,0.984,0.988,0.999,1,0.08,0.886,0.887,0.882,0.893,0.881,0.897,0.891,0.878,0.892,0.08,0.387,0.373,0.464,0.382,0.372,0.463,0.377,0.375,0.46,0.079,0.121,0.126,0.157,0.101,0.102,0.13,0.65,0.462,0.54,0.082,0.086,0.086,0.087,0.089,0.089,0.089,0.619,0.559,0.607,0.085,0.087,0.083,0.082,0.082,0.085,0.082,0.275,0.254,0.249,0.084,0.083,0.084,0.085,0.085,0.084,0.082,0.086,0.086,0.087,0.081,0.084,0.078,0.078,0.08,0.08,0.078,0.077,0.08,0.082,0.077,0.082,0.082,0.082,0.086,0.083,0.081,0.084,0.085,0.083,0.078,0.08,0.078,0.078,0.076,0.076,0.076,0.079,0.076,0.082
19:14:07,0.079,1.225,1.217,1.205,1.227,1.229,1.215,1.211,1.215,1.207,0.083,1.314,1.318,1.342,1.32,1.342,1.411,1.31,1.318,1.284,0.083,1.33,1.352,1.336,1.383,1.359,1.373,1.249,1.343,1.32,0.083,1.243,1.225,1.258,0.084,1.298,0.083,1.264,1.252,1.229,0.081,0.082,0.084,0.147,0.091,0.088,0.084,0.089,0.089,0.088,0.08,0.083,0.085,0.088,0.083,0.082,0.082,0.083,0.084,0.093,0.085,0.086,0.088,0.091,0.095,0.089,0.085,0.087,0.089,0.089,0.08,0.083,0.086,0.091,0.086,0.083,0.082,0.083,0.082,0.089,0.081,0.084,0.085,0.093,0.095,0.087,0.083,0.087,0.088,0.088,0.079,0.081,0.084,0.092,0.083,0.081,0.083,0.081,0.08,0.082,0.08,1.012,1.03,1.01,0.971,1.038,0.998,0.999,1.002,1.002,0.08,0.888,0.888,0.883,0.89,0.88,0.897,0.891,0.882,0.896,0.08,0.388,0.375,0.468,0.387,0.374,0.466,0.379,0.379,0.466,0.079,0.123,0.127,0.156,0.101,0.103,0.131,0.691,0.519,0.587,0.082,0.087,0.09,0.091,0.094,0.092,0.092,0.664,0.615,0.655,0.086,0.088,0.084,0.083,0.083,0.086,0.083,0.339,0.323,0.317,0.086,0.083,0.085,0.086,0.087,0.086,0.084,0.088,0.089,0.09,0.084,0.087,0.082,0.082,0.084,0.083,0.081,0.08,0.083,0.085,0.082,0.086,0.085,0.086,0.09,0.087,0.085,0.089,0.092,0.089,0.081,0.083,0.082,0.082,0.08,0.08,0.081,0.082,0.081,0.088
19:44:07,0.079,1.225,1.215,1.213,1.225,1.229,1.215,1.211,1.215,1.207,0.083,1.316,1.318,1.344,1.324,1.343,1.411,1.312,1.32,1.286,0.083,1.328,1.353,1.336,1.385,1.368,1.374,1.256,1.352,1.326,0.083,1.254,1.237,1.266,0.084,1.306,0.083,1.274,1.266,1.244,0.082,0.083,0.083,0.183,0.089,0.088,0.084,0.088,0.089,0.087,0.081,0.083,0.085,0.089,0.083,0.083,0.082,0.083,0.085,0.091,0.084,0.086,0.086,0.089,0.093,0.089,0.084,0.087,0.089,0.088,0.081,0.083,0.086,0.091,0.087,0.083,0.083,0.084,0.084,0.09,0.081,0.084,0.084,0.092,0.093,0.087,0.084,0.087,0.089,0.088,0.08,0.081,0.084,0.093,0.083,0.081,0.083,0.082,0.081,0.086,0.081,1.016,1.026,1.008,0.975,1.038,0.999,0.997,1.002,1,0.082,0.887,0.89,0.884,0.892,0.881,0.898,0.893,0.88,0.897,0.083,0.386,0.371,0.462,0.38,0.37,0.463,0.375,0.375,0.463,0.081,0.127,0.131,0.157,0.104,0.107,0.138,0.734,0.569,0.626,0.085,0.089,0.089,0.089,0.092,0.092,0.093,0.704,0.656,0.696,0.087,0.09,0.086,0.086,0.086,0.088,0.085,0.384,0.391,0.376,0.088,0.085,0.084,0.085,0.085,0.085,0.084,0.087,0.088,0.089,0.082,0.086,0.08,0.081,0.083,0.082,0.081,0.081,0.083,0.085,0.081,0.083,0.082,0.083,0.087,0.084,0.083,0.086,0.088,0.086,0.08,0.082,0.08,0.08,0.079,0.079,0.079,0.082,0.08,0.085
20:14:07,0.078,1.223,1.225,1.209,1.221,1.225,1.213,1.207,1.213,1.203,0.077,1.31,1.314,1.338,1.32,1.338,1.407,1.308,1.314,1.28,0.076,1.334,1.349,1.332,1.379,1.368,1.369,1.254,1.352,1.326,0.077,1.262,1.245,1.27,0.077,1.308,0.077,1.278,1.27,1.25,0.074,0.077,0.079,0.232,0.085,0.084,0.079,0.083,0.084,0.082,0.076,0.079,0.08,0.083,0.077,0.077,0.076,0.077,0.079,0.087,0.078,0.082,0.082,0.085,0.089,0.085,0.08,0.082,0.084,0.083,0.076,0.078,0.081,0.086,0.08,0.077,0.077,0.077,0.078,0.085,0.075,0.079,0.081,0.088,0.089,0.083,0.079,0.083,0.084,0.084,0.074,0.075,0.078,0.086,0.077,0.074,0.076,0.075,0.075,0.081,0.075,1.01,1.022,1.002,0.969,1.03,0.993,0.992,0.996,0.995,0.077,0.883,0.886,0.88,0.889,0.877,0.896,0.889,0.875,0.895,0.078,0.382,0.366,0.456,0.376,0.367,0.46,0.373,0.372,0.459,0.079,0.127,0.131,0.153,0.102,0.105,0.138,0.758,0.607,0.661,0.082,0.086,0.086,0.086,0.088,0.088,0.089,0.739,0.694,0.732,0.084,0.086,0.083,0.082,0.082,0.085,0.082,0.421,0.432,0.418,0.085,0.081,0.081,0.082,0.082,0.083,0.082,0.085,0.086,0.087,0.08,0.083,0.078,0.078,0.08,0.08,0.078,0.078,0.08,0.082,0.078,0.081,0.079,0.08,0.084,0.081,0.08,0.084,0.085,0.082,0.077,0.079,0.078,0.078,0.076,0.076,0.077,0.079,0.077,0.081
20:44:06,0.079,1.234,1.229,1.213,1.225,1.229,1.217,1.213,1.217,1.207,0.082,1.312,1.318,1.343,1.322,1.342,1.409,1.312,1.318,1.29,0.083,1.326,1.351,1.336,1.383,1.375,1.374,1.264,1.362,1.332,0.083,1.272,1.254,1.276,0.084,1.314,0.083,1.286,1.284,1.262,0.082,0.082,0.083,0.325,0.09,0.089,0.085,0.089,0.09,0.088,0.082,0.084,0.086,0.089,0.084,0.083,0.082,0.083,0.085,0.092,0.085,0.087,0.086,0.089,0.093,0.088,0.084,0.086,0.088,0.087,0.081,0.084,0.087,0.092,0.087,0.084,0.083,0.084,0.084,0.09,0.081,0.084,0.085,0.092,0.094,0.088,0.084,0.087,0.089,0.089,0.08,0.081,0.084,0.093,0.084,0.082,0.083,0.082,0.083,0.092,0.081,1.014,1.026,1.006,0.972,1.034,0.995,0.994,0.999,0.998,0.082,0.886,0.888,0.883,0.892,0.88,0.898,0.891,0.877,0.898,0.083,0.383,0.366,0.456,0.376,0.366,0.459,0.372,0.371,0.458,0.081,0.133,0.137,0.155,0.106,0.111,0.146,0.793,0.65,0.698,0.085,0.089,0.09,0.089,0.092,0.092,0.092,0.776,0.739,0.769,0.087,0.089,0.086,0.085,0.085,0.088,0.085,0.472,0.483,0.469,0.088,0.084,0.084,0.085,0.086,0.085,0.084,0.087,0.088,0.089,0.083,0.086,0.08,0.081,0.083,0.083,0.081,0.081,0.083,0.085,0.082,0.084,0.083,0.083,0.087,0.084,0.083,0.086,0.086,0.084,0.079,0.081,0.081,0.08,0.079,0.079,0.079,0.082,0.079,0.082
21:14:06,0.078,1.233,1.225,1.209,1.219,1.229,1.213,1.207,1.211,1.201,0.076,1.308,1.314,1.338,1.32,1.338,1.405,1.308,1.314,1.286,0.076,1.322,1.348,1.332,1.379,1.373,1.37,1.26,1.361,1.328,0.076,1.274,1.256,1.274,0.076,1.312,0.076,1.292,1.286,1.264,0.074,0.077,0.079,0.479,0.086,0.084,0.08,0.084,0.084,0.082,0.075,0.078,0.08,0.082,0.077,0.077,0.076,0.077,0.078,0.086,0.078,0.081,0.082,0.085,0.089,0.084,0.08,0.082,0.084,0.083,0.075,0.078,0.08,0.085,0.08,0.077,0.076,0.077,0.077,0.085,0.075,0.079,0.081,0.088,0.09,0.084,0.08,0.083,0.085,0.085,0.074,0.075,0.078,0.085,0.076,0.074,0.075,0.074,0.074,0.082,0.075,1.01,1.018,1,0.965,1.024,0.989,0.986,0.992,0.991,0.075,0.881,0.884,0.877,0.886,0.873,0.892,0.885,0.872,0.894,0.076,0.376,0.358,0.448,0.369,0.359,0.453,0.365,0.364,0.452,0.077,0.133,0.137,0.15,0.103,0.11,0.147,0.818,0.686,0.722,0.081,0.086,0.089,0.086,0.088,0.089,0.089,0.803,0.776,0.794,0.084,0.087,0.083,0.082,0.083,0.085,0.082,0.52,0.537,0.518,0.085,0.082,0.082,0.083,0.082,0.083,0.082,0.085,0.086,0.087,0.079,0.083,0.077,0.078,0.08,0.079,0.078,0.077,0.08,0.083,0.078,0.081,0.079,0.08,0.084,0.082,0.08,0.084,0.086,0.082,0.077,0.079,0.078,0.077,0.076,0.075,0.076,0.079,0.077,0.081
21:44:06,0.079,1.235,1.227,1.211,1.223,1.237,1.215,1.211,1.213,1.203,0.077,1.308,1.314,1.338,1.32,1.338,1.399,1.308,1.312,1.282,0.076,1.322,1.349,1.332,1.371,1.373,1.37,1.26,1.361,1.328,0.077,1.28,1.26,1.278,0.079,1.314,0.078,1.294,1.292,1.27,0.075,0.076,0.079,0.577,0.087,0.084,0.08,0.083,0.085,0.082,0.076,0.078,0.08,0.082,0.077,0.077,0.076,0.077,0.079,0.086,0.079,0.081,0.083,0.085,0.09,0.085,0.081,0.082,0.085,0.084,0.075,0.078,0.08,0.085,0.08,0.077,0.076,0.077,0.076,0.086,0.075,0.079,0.081,0.089,0.09,0.084,0.08,0.083,0.086,0.084,0.074,0.076,0.079,0.086,0.077,0.075,0.076,0.075,0.074,0.082,0.075,1.008,1.014,1.002,0.963,1.024,0.986,0.985,0.99,0.988,0.076,0.878,0.881,0.875,0.884,0.872,0.891,0.883,0.87,0.893,0.077,0.376,0.356,0.447,0.371,0.36,0.454,0.368,0.366,0.453,0.075,0.137,0.14,0.149,0.104,0.112,0.153,0.841,0.715,0.742,0.079,0.084,0.088,0.084,0.086,0.087,0.087,0.831,0.804,0.819,0.083,0.086,0.082,0.081,0.082,0.084,0.081,0.567,0.593,0.568,0.085,0.082,0.083,0.084,0.084,0.083,0.082,0.086,0.086,0.088,0.081,0.083,0.078,0.078,0.08,0.08,0.078,0.077,0.08,0.082,0.079,0.082,0.081,0.081,0.086,0.083,0.081,0.085,0.087,0.083,0.077,0.079,0.078,0.078,0.077,0.076,0.077,0.08,0.077,0.081
22:14:06,0.079,1.242,1.235,1.219,1.229,1.244,1.221,1.217,1.219,1.209,0.082,1.31,1.316,1.342,1.324,1.34,1.407,1.31,1.316,1.288,0.084,1.322,1.352,1.334,1.383,1.379,1.373,1.266,1.368,1.334,0.083,1.284,1.264,1.28,0.084,1.316,0.083,1.3,1.3,1.278,0.081,0.082,0.083,0.701,0.09,0.09,0.084,0.089,0.09,0.087,0.081,0.083,0.085,0.089,0.083,0.083,0.082,0.083,0.084,0.092,0.084,0.086,0.086,0.088,0.093,0.088,0.084,0.087,0.088,0.088,0.08,0.083,0.085,0.091,0.087,0.083,0.082,0.084,0.082,0.09,0.081,0.084,0.084,0.092,0.094,0.087,0.083,0.087,0.09,0.089,0.079,0.08,0.084,0.092,0.083,0.08,0.083,0.081,0.081,0.09,0.082,1.012,1.014,1.004,0.96,1.02,0.984,0.985,0.988,0.987,0.081,0.88,0.881,0.876,0.886,0.872,0.89,0.884,0.87,0.894,0.08,0.377,0.358,0.447,0.369,0.361,0.454,0.366,0.367,0.454,0.079,0.147,0.149,0.152,0.109,0.122,0.165,0.865,0.745,0.766,0.082,0.087,0.094,0.091,0.09,0.093,0.09,0.861,0.833,0.849,0.084,0.087,0.083,0.082,0.083,0.085,0.082,0.606,0.64,0.614,0.085,0.083,0.085,0.085,0.086,0.085,0.084,0.088,0.089,0.09,0.082,0.084,0.078,0.078,0.08,0.08,0.079,0.077,0.08,0.085,0.078,0.083,0.084,0.085,0.089,0.086,0.084,0.087,0.09,0.086,0.077,0.08,0.078,0.078,0.077,0.077,0.077,0.079,0.077,0.083
22:44:06,0.079,1.24,1.234,1.217,1.229,1.245,1.221,1.217,1.219,1.209,0.082,1.31,1.324,1.344,1.324,1.34,1.409,1.31,1.318,1.288,0.083,1.322,1.351,1.336,1.383,1.379,1.373,1.266,1.369,1.332,0.084,1.286,1.262,1.282,0.085,1.316,0.083,1.302,1.304,1.282,0.082,0.083,0.084,0.79,0.092,0.09,0.085,0.089,0.09,0.088,0.081,0.084,0.086,0.089,0.084,0.083,0.082,0.083,0.085,0.094,0.086,0.086,0.087,0.09,0.095,0.091,0.086,0.089,0.092,0.09,0.08,0.083,0.086,0.092,0.087,0.084,0.083,0.084,0.084,0.092,0.081,0.085,0.084,0.092,0.095,0.088,0.084,0.088,0.09,0.089,0.08,0.081,0.085,0.093,0.084,0.081,0.083,0.082,0.081,0.088,0.081,1.01,1.006,0.996,0.951,1.012,0.978,0.982,0.981,0.982,0.083,0.875,0.876,0.871,0.88,0.869,0.889,0.881,0.868,0.891,0.084,0.372,0.351,0.441,0.362,0.354,0.447,0.361,0.361,0.448,0.08,0.153,0.154,0.151,0.115,0.131,0.175,0.891,0.778,0.793,0.084,0.09,0.098,0.09,0.092,0.095,0.092,0.891,0.865,0.876,0.086,0.089,0.085,0.084,0.084,0.086,0.083,0.641,0.68,0.65,0.085,0.083,0.085,0.085,0.086,0.086,0.085,0.088,0.088,0.09,0.081,0.084,0.078,0.078,0.08,0.08,0.078,0.078,0.08,0.083,0.078,0.082,0.083,0.084,0.088,0.085,0.083,0.087,0.089,0.085,0.079,0.08,0.079,0.078,0.077,0.076,0.077,0.079,0.077,0.084
23:14:06,0.079,1.239,1.231,1.217,1.229,1.244,1.223,1.215,1.217,1.209,0.083,1.314,1.318,1.347,1.33,1.348,1.413,1.31,1.316,1.288,0.083,1.322,1.35,1.334,1.383,1.379,1.372,1.264,1.367,1.332,0.083,1.286,1.264,1.28,0.084,1.316,0.083,1.302,1.306,1.284,0.082,0.083,0.084,0.856,0.093,0.091,0.086,0.09,0.091,0.088,0.082,0.084,0.086,0.089,0.084,0.083,0.082,0.083,0.085,0.094,0.086,0.087,0.088,0.091,0.095,0.091,0.087,0.088,0.091,0.09,0.081,0.084,0.087,0.091,0.087,0.084,0.083,0.084,0.084,0.092,0.082,0.085,0.086,0.093,0.095,0.089,0.085,0.089,0.091,0.09,0.08,0.081,0.085,0.093,0.083,0.081,0.083,0.081,0.08,0.088,0.083,1.01,0.999,0.988,0.945,1.006,0.972,0.984,0.977,0.979,0.082,0.871,0.87,0.866,0.876,0.863,0.885,0.878,0.865,0.889,0.084,0.368,0.347,0.437,0.359,0.351,0.443,0.359,0.36,0.446,0.081,0.16,0.161,0.151,0.12,0.141,0.186,0.903,0.804,0.813,0.085,0.091,0.1,0.09,0.091,0.096,0.092,0.911,0.896,0.894,0.086,0.089,0.086,0.085,0.085,0.087,0.084,0.668,0.72,0.69,0.087,0.083,0.085,0.085,0.086,0.086,0.085,0.088,0.089,0.092,0.082,0.085,0.08,0.081,0.083,0.082,0.081,0.081,0.083,0.085,0.082,0.084,0.083,0.084,0.087,0.084,0.083,0.087,0.088,0.085,0.08,0.082,0.082,0.081,0.08,0.079,0.08,0.082,0.079,0.084
23:44:06,0.079,1.235,1.229,1.213,1.227,1.239,1.221,1.211,1.213,1.205,0.076,1.314,1.31,1.34,1.324,1.338,1.409,1.304,1.314,1.282,0.076,1.314,1.346,1.33,1.377,1.374,1.367,1.27,1.363,1.328,0.076,1.282,1.262,1.274,0.077,1.312,0.077,1.298,1.302,1.282,0.075,0.077,0.08,0.916,0.09,0.089,0.08,0.085,0.086,0.084,0.076,0.078,0.08,0.082,0.076,0.076,0.075,0.076,0.078,0.089,0.078,0.081,0.083,0.086,0.09,0.086,0.081,0.083,0.086,0.085,0.075,0.078,0.08,0.085,0.08,0.077,0.076,0.077,0.077,0.087,0.075,0.079,0.08,0.088,0.09,0.084,0.08,0.083,0.085,0.084,0.074,0.075,0.078,0.086,0.077,0.074,0.076,0.074,0.074,0.081,0.076,1.006,0.99,0.979,0.933,0.997,0.962,0.972,0.969,0.971,0.08,0.865,0.861,0.857,0.866,0.855,0.877,0.869,0.857,0.883,0.081,0.362,0.341,0.431,0.353,0.345,0.437,0.353,0.355,0.44,0.079,0.162,0.163,0.148,0.123,0.15,0.194,0.916,0.828,0.825,0.082,0.089,0.102,0.087,0.089,0.096,0.089,0.927,0.92,0.907,0.084,0.087,0.083,0.082,0.083,0.084,0.081,0.697,0.753,0.719,0.085,0.082,0.082,0.083,0.084,0.083,0.083,0.086,0.086,0.09,0.08,0.083,0.077,0.078,0.08,0.08,0.078,0.077,0.08,0.084,0.079,0.081,0.08,0.081,0.085,0.083,0.081,0.085,0.088,0.084,0.077,0.079,0.078,0.077,0.076,0.075,0.076,0.079,0.076,0.083
24:14:06,0.078,1.243,1.241,1.225,1.242,1.248,1.231,1.217,1.219,1.209,0.082,1.318,1.312,1.34,1.326,1.34,1.409,1.314,1.322,1.288,0.083,1.32,1.36,1.347,1.383,1.381,1.373,1.268,1.37,1.332,0.083,1.288,1.268,1.28,0.085,1.318,0.084,1.304,1.308,1.286,0.082,0.083,0.084,0.968,0.095,0.095,0.085,0.088,0.089,0.087,0.082,0.084,0.086,0.089,0.084,0.083,0.082,0.083,0.085,0.092,0.085,0.087,0.087,0.09,0.094,0.089,0.085,0.088,0.09,0.089,0.081,0.084,0.087,0.091,0.087,0.084,0.083,0.084,0.084,0.091,0.081,0.085,0.086,0.094,0.096,0.089,0.084,0.087,0.089,0.088,0.08,0.082,0.085,0.093,0.085,0.081,0.083,0.082,0.081,0.087,0.081,1.006,0.99,0.972,0.925,0.997,0.955,0.967,0.975,0.967,0.082,0.865,0.859,0.856,0.866,0.856,0.876,0.871,0.855,0.881,0.083,0.363,0.342,0.43,0.353,0.345,0.438,0.353,0.354,0.439,0.082,0.171,0.172,0.152,0.134,0.169,0.209,0.929,0.848,0.838,0.085,0.093,0.11,0.09,0.091,0.1,0.091,0.942,0.933,0.922,0.086,0.089,0.086,0.085,0.085,0.087,0.085,0.73,0.786,0.749,0.087,0.083,0.084,0.085,0.086,0.085,0.086,0.089,0.087,0.093,0.083,0.085,0.08,0.081,0.083,0.083,0.081,0.081,0.083,0.084,0.081,0.084,0.084,0.085,0.089,0.086,0.084,0.087,0.088,0.085,0.081,0.084,0.082,0.082,0.081,0.08,0.08,0.083,0.079,0.084